# torus generated for OBJ loader test
# major radius 1.0, minor radius 0.4, 48x24 segments
# vertex lines carry optional r g b after x y z
v 1.400000 0.000000 0.000000 1.0000 0.3252 0.3251
v 1.386370 0.103528 0.000000 1.0000 0.3252 0.3251
v 1.346410 0.200000 0.000000 1.0000 0.3252 0.3251
v 1.282843 0.282843 0.000000 1.0000 0.3252 0.3251
v 1.200000 0.346410 0.000000 1.0000 0.3252 0.3251
v 1.103528 0.386370 0.000000 1.0000 0.3252 0.3251
v 1.000000 0.400000 0.000000 1.0000 0.3252 0.3251
v 0.896472 0.386370 0.000000 1.0000 0.3252 0.3251
v 0.800000 0.346410 0.000000 1.0000 0.3252 0.3251
v 0.717157 0.282843 0.000000 1.0000 0.3252 0.3251
v 0.653590 0.200000 0.000000 1.0000 0.3252 0.3251
v 0.613630 0.103528 0.000000 1.0000 0.3252 0.3251
v 0.600000 0.000000 0.000000 1.0000 0.3252 0.3251
v 0.613630 -0.103528 0.000000 1.0000 0.3252 0.3251
v 0.653590 -0.200000 0.000000 1.0000 0.3252 0.3251
v 0.717157 -0.282843 0.000000 1.0000 0.3252 0.3251
v 0.800000 -0.346410 0.000000 1.0000 0.3252 0.3251
v 0.896472 -0.386370 0.000000 1.0000 0.3252 0.3251
v 1.000000 -0.400000 0.000000 1.0000 0.3252 0.3251
v 1.103528 -0.386370 0.000000 1.0000 0.3252 0.3251
v 1.200000 -0.346410 0.000000 1.0000 0.3252 0.3251
v 1.282843 -0.282843 0.000000 1.0000 0.3252 0.3251
v 1.346410 -0.200000 0.000000 1.0000 0.3252 0.3251
v 1.386370 -0.103528 0.000000 1.0000 0.3252 0.3251
v 1.388023 0.000000 0.182737 0.9962 0.2762 0.3779
v 1.374510 0.103528 0.180958 0.9962 0.2762 0.3779
v 1.334891 0.200000 0.175742 0.9962 0.2762 0.3779
v 1.271868 0.282843 0.167445 0.9962 0.2762 0.3779
v 1.189734 0.346410 0.156631 0.9962 0.2762 0.3779
v 1.094087 0.386370 0.144039 0.9962 0.2762 0.3779
v 0.991445 0.400000 0.130526 0.9962 0.2762 0.3779
v 0.888803 0.386370 0.117013 0.9962 0.2762 0.3779
v 0.793156 0.346410 0.104421 0.9962 0.2762 0.3779
v 0.711022 0.282843 0.093608 0.9962 0.2762 0.3779
v 0.647998 0.200000 0.085311 0.9962 0.2762 0.3779
v 0.608380 0.103528 0.080095 0.9962 0.2762 0.3779
v 0.594867 0.000000 0.078316 0.9962 0.2762 0.3779
v 0.608380 -0.103528 0.080095 0.9962 0.2762 0.3779
v 0.647998 -0.200000 0.085311 0.9962 0.2762 0.3779
v 0.711022 -0.282843 0.093608 0.9962 0.2762 0.3779
v 0.793156 -0.346410 0.104421 0.9962 0.2762 0.3779
v 0.888803 -0.386370 0.117013 0.9962 0.2762 0.3779
v 0.991445 -0.400000 0.130526 0.9962 0.2762 0.3779
v 1.094087 -0.386370 0.144039 0.9962 0.2762 0.3779
v 1.189734 -0.346410 0.156631 0.9962 0.2762 0.3779
v 1.271868 -0.282843 0.167445 0.9962 0.2762 0.3779
v 1.334891 -0.200000 0.175742 0.9962 0.2762 0.3779
v 1.374510 -0.103528 0.180958 0.9962 0.2762 0.3779
v 1.352296 0.000000 0.362347 0.9847 0.2319 0.4336
v 1.339131 0.103528 0.358819 0.9847 0.2319 0.4336
v 1.300532 0.200000 0.348477 0.9847 0.2319 0.4336
v 1.239131 0.282843 0.332024 0.9847 0.2319 0.4336
v 1.159111 0.346410 0.310583 0.9847 0.2319 0.4336
v 1.065926 0.386370 0.285614 0.9847 0.2319 0.4336
v 0.965926 0.400000 0.258819 0.9847 0.2319 0.4336
v 0.865926 0.386370 0.232024 0.9847 0.2319 0.4336
v 0.772741 0.346410 0.207055 0.9847 0.2319 0.4336
v 0.692721 0.282843 0.185614 0.9847 0.2319 0.4336
v 0.631319 0.200000 0.169161 0.9847 0.2319 0.4336
v 0.592721 0.103528 0.158819 0.9847 0.2319 0.4336
v 0.579555 0.000000 0.155291 0.9847 0.2319 0.4336
v 0.592721 -0.103528 0.158819 0.9847 0.2319 0.4336
v 0.631319 -0.200000 0.169161 0.9847 0.2319 0.4336
v 0.692721 -0.282843 0.185614 0.9847 0.2319 0.4336
v 0.772741 -0.346410 0.207055 0.9847 0.2319 0.4336
v 0.865926 -0.386370 0.232024 0.9847 0.2319 0.4336
v 0.965926 -0.400000 0.258819 0.9847 0.2319 0.4336
v 1.065926 -0.386370 0.285614 0.9847 0.2319 0.4336
v 1.159111 -0.346410 0.310583 0.9847 0.2319 0.4336
v 1.239131 -0.282843 0.332024 0.9847 0.2319 0.4336
v 1.300532 -0.200000 0.348477 0.9847 0.2319 0.4336
v 1.339131 -0.103528 0.358819 0.9847 0.2319 0.4336
v 1.293431 0.000000 0.535757 0.9657 0.1931 0.4914
v 1.280839 0.103528 0.530541 0.9657 0.1931 0.4914
v 1.243921 0.200000 0.515249 0.9657 0.1931 0.4914
v 1.185192 0.282843 0.490923 0.9657 0.1931 0.4914
v 1.108655 0.346410 0.459220 0.9657 0.1931 0.4914
v 1.019527 0.386370 0.422302 0.9657 0.1931 0.4914
v 0.923880 0.400000 0.382683 0.9657 0.1931 0.4914
v 0.828232 0.386370 0.343065 0.9657 0.1931 0.4914
v 0.739104 0.346410 0.306147 0.9657 0.1931 0.4914
v 0.662567 0.282843 0.274444 0.9657 0.1931 0.4914
v 0.603838 0.200000 0.250118 0.9657 0.1931 0.4914
v 0.566920 0.103528 0.234826 0.9657 0.1931 0.4914
v 0.554328 0.000000 0.229610 0.9657 0.1931 0.4914
v 0.566920 -0.103528 0.234826 0.9657 0.1931 0.4914
v 0.603838 -0.200000 0.250118 0.9657 0.1931 0.4914
v 0.662567 -0.282843 0.274444 0.9657 0.1931 0.4914
v 0.739104 -0.346410 0.306147 0.9657 0.1931 0.4914
v 0.828232 -0.386370 0.343065 0.9657 0.1931 0.4914
v 0.923880 -0.400000 0.382683 0.9657 0.1931 0.4914
v 1.019527 -0.386370 0.422302 0.9657 0.1931 0.4914
v 1.108655 -0.346410 0.459220 0.9657 0.1931 0.4914
v 1.185192 -0.282843 0.490923 0.9657 0.1931 0.4914
v 1.243921 -0.200000 0.515249 0.9657 0.1931 0.4914
v 1.280839 -0.103528 0.530541 0.9657 0.1931 0.4914
v 1.212436 0.000000 0.700000 0.9397 0.1604 0.5501
v 1.200632 0.103528 0.693185 0.9397 0.1604 0.5501
v 1.166025 0.200000 0.673205 0.9397 0.1604 0.5501
v 1.110974 0.282843 0.641421 0.9397 0.1604 0.5501
v 1.039230 0.346410 0.600000 0.9397 0.1604 0.5501
v 0.955683 0.386370 0.551764 0.9397 0.1604 0.5501
v 0.866025 0.400000 0.500000 0.9397 0.1604 0.5501
v 0.776368 0.386370 0.448236 0.9397 0.1604 0.5501
v 0.692820 0.346410 0.400000 0.9397 0.1604 0.5501
v 0.621076 0.282843 0.358579 0.9397 0.1604 0.5501
v 0.566025 0.200000 0.326795 0.9397 0.1604 0.5501
v 0.531419 0.103528 0.306815 0.9397 0.1604 0.5501
v 0.519615 0.000000 0.300000 0.9397 0.1604 0.5501
v 0.531419 -0.103528 0.306815 0.9397 0.1604 0.5501
v 0.566025 -0.200000 0.326795 0.9397 0.1604 0.5501
v 0.621076 -0.282843 0.358579 0.9397 0.1604 0.5501
v 0.692820 -0.346410 0.400000 0.9397 0.1604 0.5501
v 0.776368 -0.386370 0.448236 0.9397 0.1604 0.5501
v 0.866025 -0.400000 0.500000 0.9397 0.1604 0.5501
v 0.955683 -0.386370 0.551764 0.9397 0.1604 0.5501
v 1.039230 -0.346410 0.600000 0.9397 0.1604 0.5501
v 1.110974 -0.282843 0.641421 0.9397 0.1604 0.5501
v 1.166025 -0.200000 0.673205 0.9397 0.1604 0.5501
v 1.200632 -0.103528 0.693185 0.9397 0.1604 0.5501
v 1.110695 0.000000 0.852266 0.9070 0.1343 0.6088
v 1.099882 0.103528 0.843969 0.9070 0.1343 0.6088
v 1.068179 0.200000 0.819643 0.9070 0.1343 0.6088
v 1.017748 0.282843 0.780945 0.9070 0.1343 0.6088
v 0.952024 0.346410 0.730514 0.9070 0.1343 0.6088
v 0.875487 0.386370 0.671785 0.9070 0.1343 0.6088
v 0.793353 0.400000 0.608761 0.9070 0.1343 0.6088
v 0.711219 0.386370 0.545738 0.9070 0.1343 0.6088
v 0.634683 0.346410 0.487009 0.9070 0.1343 0.6088
v 0.568959 0.282843 0.436578 0.9070 0.1343 0.6088
v 0.518528 0.200000 0.397880 0.9070 0.1343 0.6088
v 0.486825 0.103528 0.373554 0.9070 0.1343 0.6088
v 0.476012 0.000000 0.365257 0.9070 0.1343 0.6088
v 0.486825 -0.103528 0.373554 0.9070 0.1343 0.6088
v 0.518528 -0.200000 0.397880 0.9070 0.1343 0.6088
v 0.568959 -0.282843 0.436578 0.9070 0.1343 0.6088
v 0.634683 -0.346410 0.487009 0.9070 0.1343 0.6088
v 0.711219 -0.386370 0.545738 0.9070 0.1343 0.6088
v 0.793353 -0.400000 0.608761 0.9070 0.1343 0.6088
v 0.875487 -0.386370 0.671785 0.9070 0.1343 0.6088
v 0.952024 -0.346410 0.730514 0.9070 0.1343 0.6088
v 1.017748 -0.282843 0.780945 0.9070 0.1343 0.6088
v 1.068179 -0.200000 0.819643 0.9070 0.1343 0.6088
v 1.099882 -0.103528 0.843969 0.9070 0.1343 0.6088
v 0.989949 0.000000 0.989949 0.8682 0.1154 0.6666
v 0.980312 0.103528 0.980312 0.8682 0.1154 0.6666
v 0.952056 0.200000 0.952056 0.8682 0.1154 0.6666
v 0.907107 0.282843 0.907107 0.8682 0.1154 0.6666
v 0.848528 0.346410 0.848528 0.8682 0.1154 0.6666
v 0.780312 0.386370 0.780312 0.8682 0.1154 0.6666
v 0.707107 0.400000 0.707107 0.8682 0.1154 0.6666
v 0.633902 0.386370 0.633902 0.8682 0.1154 0.6666
v 0.565685 0.346410 0.565685 0.8682 0.1154 0.6666
v 0.507107 0.282843 0.507107 0.8682 0.1154 0.6666
v 0.462158 0.200000 0.462158 0.8682 0.1154 0.6666
v 0.433902 0.103528 0.433902 0.8682 0.1154 0.6666
v 0.424264 0.000000 0.424264 0.8682 0.1154 0.6666
v 0.433902 -0.103528 0.433902 0.8682 0.1154 0.6666
v 0.462158 -0.200000 0.462158 0.8682 0.1154 0.6666
v 0.507107 -0.282843 0.507107 0.8682 0.1154 0.6666
v 0.565685 -0.346410 0.565685 0.8682 0.1154 0.6666
v 0.633902 -0.386370 0.633902 0.8682 0.1154 0.6666
v 0.707107 -0.400000 0.707107 0.8682 0.1154 0.6666
v 0.780312 -0.386370 0.780312 0.8682 0.1154 0.6666
v 0.848528 -0.346410 0.848528 0.8682 0.1154 0.6666
v 0.907107 -0.282843 0.907107 0.8682 0.1154 0.6666
v 0.952056 -0.200000 0.952056 0.8682 0.1154 0.6666
v 0.980312 -0.103528 0.980312 0.8682 0.1154 0.6666
v 0.852266 0.000000 1.110695 0.8239 0.1039 0.7223
v 0.843969 0.103528 1.099882 0.8239 0.1039 0.7223
v 0.819643 0.200000 1.068179 0.8239 0.1039 0.7223
v 0.780945 0.282843 1.017748 0.8239 0.1039 0.7223
v 0.730514 0.346410 0.952024 0.8239 0.1039 0.7223
v 0.671785 0.386370 0.875487 0.8239 0.1039 0.7223
v 0.608761 0.400000 0.793353 0.8239 0.1039 0.7223
v 0.545738 0.386370 0.711219 0.8239 0.1039 0.7223
v 0.487009 0.346410 0.634683 0.8239 0.1039 0.7223
v 0.436578 0.282843 0.568959 0.8239 0.1039 0.7223
v 0.397880 0.200000 0.518528 0.8239 0.1039 0.7223
v 0.373554 0.103528 0.486825 0.8239 0.1039 0.7223
v 0.365257 0.000000 0.476012 0.8239 0.1039 0.7223
v 0.373554 -0.103528 0.486825 0.8239 0.1039 0.7223
v 0.397880 -0.200000 0.518528 0.8239 0.1039 0.7223
v 0.436578 -0.282843 0.568959 0.8239 0.1039 0.7223
v 0.487009 -0.346410 0.634683 0.8239 0.1039 0.7223
v 0.545738 -0.386370 0.711219 0.8239 0.1039 0.7223
v 0.608761 -0.400000 0.793353 0.8239 0.1039 0.7223
v 0.671785 -0.386370 0.875487 0.8239 0.1039 0.7223
v 0.730514 -0.346410 0.952024 0.8239 0.1039 0.7223
v 0.780945 -0.282843 1.017748 0.8239 0.1039 0.7223
v 0.819643 -0.200000 1.068179 0.8239 0.1039 0.7223
v 0.843969 -0.103528 1.099882 0.8239 0.1039 0.7223
v 0.700000 0.000000 1.212436 0.7750 0.1000 0.7751
v 0.693185 0.103528 1.200632 0.7750 0.1000 0.7751
v 0.673205 0.200000 1.166025 0.7750 0.1000 0.7751
v 0.641421 0.282843 1.110974 0.7750 0.1000 0.7751
v 0.600000 0.346410 1.039230 0.7750 0.1000 0.7751
v 0.551764 0.386370 0.955683 0.7750 0.1000 0.7751
v 0.500000 0.400000 0.866025 0.7750 0.1000 0.7751
v 0.448236 0.386370 0.776368 0.7750 0.1000 0.7751
v 0.400000 0.346410 0.692820 0.7750 0.1000 0.7751
v 0.358579 0.282843 0.621076 0.7750 0.1000 0.7751
v 0.326795 0.200000 0.566025 0.7750 0.1000 0.7751
v 0.306815 0.103528 0.531419 0.7750 0.1000 0.7751
v 0.300000 0.000000 0.519615 0.7750 0.1000 0.7751
v 0.306815 -0.103528 0.531419 0.7750 0.1000 0.7751
v 0.326795 -0.200000 0.566025 0.7750 0.1000 0.7751
v 0.358579 -0.282843 0.621076 0.7750 0.1000 0.7751
v 0.400000 -0.346410 0.692820 0.7750 0.1000 0.7751
v 0.448236 -0.386370 0.776368 0.7750 0.1000 0.7751
v 0.500000 -0.400000 0.866025 0.7750 0.1000 0.7751
v 0.551764 -0.386370 0.955683 0.7750 0.1000 0.7751
v 0.600000 -0.346410 1.039230 0.7750 0.1000 0.7751
v 0.641421 -0.282843 1.110974 0.7750 0.1000 0.7751
v 0.673205 -0.200000 1.166025 0.7750 0.1000 0.7751
v 0.693185 -0.103528 1.200632 0.7750 0.1000 0.7751
v 0.535757 0.000000 1.293431 0.7222 0.1038 0.8240
v 0.530541 0.103528 1.280839 0.7222 0.1038 0.8240
v 0.515249 0.200000 1.243921 0.7222 0.1038 0.8240
v 0.490923 0.282843 1.185192 0.7222 0.1038 0.8240
v 0.459220 0.346410 1.108655 0.7222 0.1038 0.8240
v 0.422302 0.386370 1.019527 0.7222 0.1038 0.8240
v 0.382683 0.400000 0.923880 0.7222 0.1038 0.8240
v 0.343065 0.386370 0.828232 0.7222 0.1038 0.8240
v 0.306147 0.346410 0.739104 0.7222 0.1038 0.8240
v 0.274444 0.282843 0.662567 0.7222 0.1038 0.8240
v 0.250118 0.200000 0.603838 0.7222 0.1038 0.8240
v 0.234826 0.103528 0.566920 0.7222 0.1038 0.8240
v 0.229610 0.000000 0.554328 0.7222 0.1038 0.8240
v 0.234826 -0.103528 0.566920 0.7222 0.1038 0.8240
v 0.250118 -0.200000 0.603838 0.7222 0.1038 0.8240
v 0.274444 -0.282843 0.662567 0.7222 0.1038 0.8240
v 0.306147 -0.346410 0.739104 0.7222 0.1038 0.8240
v 0.343065 -0.386370 0.828232 0.7222 0.1038 0.8240
v 0.382683 -0.400000 0.923880 0.7222 0.1038 0.8240
v 0.422302 -0.386370 1.019527 0.7222 0.1038 0.8240
v 0.459220 -0.346410 1.108655 0.7222 0.1038 0.8240
v 0.490923 -0.282843 1.185192 0.7222 0.1038 0.8240
v 0.515249 -0.200000 1.243921 0.7222 0.1038 0.8240
v 0.530541 -0.103528 1.280839 0.7222 0.1038 0.8240
v 0.362347 0.000000 1.352296 0.6665 0.1153 0.8683
v 0.358819 0.103528 1.339131 0.6665 0.1153 0.8683
v 0.348477 0.200000 1.300532 0.6665 0.1153 0.8683
v 0.332024 0.282843 1.239131 0.6665 0.1153 0.8683
v 0.310583 0.346410 1.159111 0.6665 0.1153 0.8683
v 0.285614 0.386370 1.065926 0.6665 0.1153 0.8683
v 0.258819 0.400000 0.965926 0.6665 0.1153 0.8683
v 0.232024 0.386370 0.865926 0.6665 0.1153 0.8683
v 0.207055 0.346410 0.772741 0.6665 0.1153 0.8683
v 0.185614 0.282843 0.692721 0.6665 0.1153 0.8683
v 0.169161 0.200000 0.631319 0.6665 0.1153 0.8683
v 0.158819 0.103528 0.592721 0.6665 0.1153 0.8683
v 0.155291 0.000000 0.579555 0.6665 0.1153 0.8683
v 0.158819 -0.103528 0.592721 0.6665 0.1153 0.8683
v 0.169161 -0.200000 0.631319 0.6665 0.1153 0.8683
v 0.185614 -0.282843 0.692721 0.6665 0.1153 0.8683
v 0.207055 -0.346410 0.772741 0.6665 0.1153 0.8683
v 0.232024 -0.386370 0.865926 0.6665 0.1153 0.8683
v 0.258819 -0.400000 0.965926 0.6665 0.1153 0.8683
v 0.285614 -0.386370 1.065926 0.6665 0.1153 0.8683
v 0.310583 -0.346410 1.159111 0.6665 0.1153 0.8683
v 0.332024 -0.282843 1.239131 0.6665 0.1153 0.8683
v 0.348477 -0.200000 1.300532 0.6665 0.1153 0.8683
v 0.358819 -0.103528 1.339131 0.6665 0.1153 0.8683
v 0.182737 0.000000 1.388023 0.6087 0.1342 0.9071
v 0.180958 0.103528 1.374510 0.6087 0.1342 0.9071
v 0.175742 0.200000 1.334891 0.6087 0.1342 0.9071
v 0.167445 0.282843 1.271868 0.6087 0.1342 0.9071
v 0.156631 0.346410 1.189734 0.6087 0.1342 0.9071
v 0.144039 0.386370 1.094087 0.6087 0.1342 0.9071
v 0.130526 0.400000 0.991445 0.6087 0.1342 0.9071
v 0.117013 0.386370 0.888803 0.6087 0.1342 0.9071
v 0.104421 0.346410 0.793156 0.6087 0.1342 0.9071
v 0.093608 0.282843 0.711022 0.6087 0.1342 0.9071
v 0.085311 0.200000 0.647998 0.6087 0.1342 0.9071
v 0.080095 0.103528 0.608380 0.6087 0.1342 0.9071
v 0.078316 0.000000 0.594867 0.6087 0.1342 0.9071
v 0.080095 -0.103528 0.608380 0.6087 0.1342 0.9071
v 0.085311 -0.200000 0.647998 0.6087 0.1342 0.9071
v 0.093608 -0.282843 0.711022 0.6087 0.1342 0.9071
v 0.104421 -0.346410 0.793156 0.6087 0.1342 0.9071
v 0.117013 -0.386370 0.888803 0.6087 0.1342 0.9071
v 0.130526 -0.400000 0.991445 0.6087 0.1342 0.9071
v 0.144039 -0.386370 1.094087 0.6087 0.1342 0.9071
v 0.156631 -0.346410 1.189734 0.6087 0.1342 0.9071
v 0.167445 -0.282843 1.271868 0.6087 0.1342 0.9071
v 0.175742 -0.200000 1.334891 0.6087 0.1342 0.9071
v 0.180958 -0.103528 1.374510 0.6087 0.1342 0.9071
v 0.000000 0.000000 1.400000 0.5500 0.1602 0.9398
v 0.000000 0.103528 1.386370 0.5500 0.1602 0.9398
v 0.000000 0.200000 1.346410 0.5500 0.1602 0.9398
v 0.000000 0.282843 1.282843 0.5500 0.1602 0.9398
v 0.000000 0.346410 1.200000 0.5500 0.1602 0.9398
v 0.000000 0.386370 1.103528 0.5500 0.1602 0.9398
v 0.000000 0.400000 1.000000 0.5500 0.1602 0.9398
v 0.000000 0.386370 0.896472 0.5500 0.1602 0.9398
v 0.000000 0.346410 0.800000 0.5500 0.1602 0.9398
v 0.000000 0.282843 0.717157 0.5500 0.1602 0.9398
v 0.000000 0.200000 0.653590 0.5500 0.1602 0.9398
v 0.000000 0.103528 0.613630 0.5500 0.1602 0.9398
v 0.000000 0.000000 0.600000 0.5500 0.1602 0.9398
v 0.000000 -0.103528 0.613630 0.5500 0.1602 0.9398
v 0.000000 -0.200000 0.653590 0.5500 0.1602 0.9398
v 0.000000 -0.282843 0.717157 0.5500 0.1602 0.9398
v 0.000000 -0.346410 0.800000 0.5500 0.1602 0.9398
v 0.000000 -0.386370 0.896472 0.5500 0.1602 0.9398
v 0.000000 -0.400000 1.000000 0.5500 0.1602 0.9398
v 0.000000 -0.386370 1.103528 0.5500 0.1602 0.9398
v 0.000000 -0.346410 1.200000 0.5500 0.1602 0.9398
v 0.000000 -0.282843 1.282843 0.5500 0.1602 0.9398
v 0.000000 -0.200000 1.346410 0.5500 0.1602 0.9398
v 0.000000 -0.103528 1.386370 0.5500 0.1602 0.9398
v -0.182737 0.000000 1.388023 0.4913 0.1929 0.9658
v -0.180958 0.103528 1.374510 0.4913 0.1929 0.9658
v -0.175742 0.200000 1.334891 0.4913 0.1929 0.9658
v -0.167445 0.282843 1.271868 0.4913 0.1929 0.9658
v -0.156631 0.346410 1.189734 0.4913 0.1929 0.9658
v -0.144039 0.386370 1.094087 0.4913 0.1929 0.9658
v -0.130526 0.400000 0.991445 0.4913 0.1929 0.9658
v -0.117013 0.386370 0.888803 0.4913 0.1929 0.9658
v -0.104421 0.346410 0.793156 0.4913 0.1929 0.9658
v -0.093608 0.282843 0.711022 0.4913 0.1929 0.9658
v -0.085311 0.200000 0.647998 0.4913 0.1929 0.9658
v -0.080095 0.103528 0.608380 0.4913 0.1929 0.9658
v -0.078316 0.000000 0.594867 0.4913 0.1929 0.9658
v -0.080095 -0.103528 0.608380 0.4913 0.1929 0.9658
v -0.085311 -0.200000 0.647998 0.4913 0.1929 0.9658
v -0.093608 -0.282843 0.711022 0.4913 0.1929 0.9658
v -0.104421 -0.346410 0.793156 0.4913 0.1929 0.9658
v -0.117013 -0.386370 0.888803 0.4913 0.1929 0.9658
v -0.130526 -0.400000 0.991445 0.4913 0.1929 0.9658
v -0.144039 -0.386370 1.094087 0.4913 0.1929 0.9658
v -0.156631 -0.346410 1.189734 0.4913 0.1929 0.9658
v -0.167445 -0.282843 1.271868 0.4913 0.1929 0.9658
v -0.175742 -0.200000 1.334891 0.4913 0.1929 0.9658
v -0.180958 -0.103528 1.374510 0.4913 0.1929 0.9658
v -0.362347 0.000000 1.352296 0.4335 0.2317 0.9847
v -0.358819 0.103528 1.339131 0.4335 0.2317 0.9847
v -0.348477 0.200000 1.300532 0.4335 0.2317 0.9847
v -0.332024 0.282843 1.239131 0.4335 0.2317 0.9847
v -0.310583 0.346410 1.159111 0.4335 0.2317 0.9847
v -0.285614 0.386370 1.065926 0.4335 0.2317 0.9847
v -0.258819 0.400000 0.965926 0.4335 0.2317 0.9847
v -0.232024 0.386370 0.865926 0.4335 0.2317 0.9847
v -0.207055 0.346410 0.772741 0.4335 0.2317 0.9847
v -0.185614 0.282843 0.692721 0.4335 0.2317 0.9847
v -0.169161 0.200000 0.631319 0.4335 0.2317 0.9847
v -0.158819 0.103528 0.592721 0.4335 0.2317 0.9847
v -0.155291 0.000000 0.579555 0.4335 0.2317 0.9847
v -0.158819 -0.103528 0.592721 0.4335 0.2317 0.9847
v -0.169161 -0.200000 0.631319 0.4335 0.2317 0.9847
v -0.185614 -0.282843 0.692721 0.4335 0.2317 0.9847
v -0.207055 -0.346410 0.772741 0.4335 0.2317 0.9847
v -0.232024 -0.386370 0.865926 0.4335 0.2317 0.9847
v -0.258819 -0.400000 0.965926 0.4335 0.2317 0.9847
v -0.285614 -0.386370 1.065926 0.4335 0.2317 0.9847
v -0.310583 -0.346410 1.159111 0.4335 0.2317 0.9847
v -0.332024 -0.282843 1.239131 0.4335 0.2317 0.9847
v -0.348477 -0.200000 1.300532 0.4335 0.2317 0.9847
v -0.358819 -0.103528 1.339131 0.4335 0.2317 0.9847
v -0.535757 0.000000 1.293431 0.3778 0.2759 0.9962
v -0.530541 0.103528 1.280839 0.3778 0.2759 0.9962
v -0.515249 0.200000 1.243921 0.3778 0.2759 0.9962
v -0.490923 0.282843 1.185192 0.3778 0.2759 0.9962
v -0.459220 0.346410 1.108655 0.3778 0.2759 0.9962
v -0.422302 0.386370 1.019527 0.3778 0.2759 0.9962
v -0.382683 0.400000 0.923880 0.3778 0.2759 0.9962
v -0.343065 0.386370 0.828232 0.3778 0.2759 0.9962
v -0.306147 0.346410 0.739104 0.3778 0.2759 0.9962
v -0.274444 0.282843 0.662567 0.3778 0.2759 0.9962
v -0.250118 0.200000 0.603838 0.3778 0.2759 0.9962
v -0.234826 0.103528 0.566920 0.3778 0.2759 0.9962
v -0.229610 0.000000 0.554328 0.3778 0.2759 0.9962
v -0.234826 -0.103528 0.566920 0.3778 0.2759 0.9962
v -0.250118 -0.200000 0.603838 0.3778 0.2759 0.9962
v -0.274444 -0.282843 0.662567 0.3778 0.2759 0.9962
v -0.306147 -0.346410 0.739104 0.3778 0.2759 0.9962
v -0.343065 -0.386370 0.828232 0.3778 0.2759 0.9962
v -0.382683 -0.400000 0.923880 0.3778 0.2759 0.9962
v -0.422302 -0.386370 1.019527 0.3778 0.2759 0.9962
v -0.459220 -0.346410 1.108655 0.3778 0.2759 0.9962
v -0.490923 -0.282843 1.185192 0.3778 0.2759 0.9962
v -0.515249 -0.200000 1.243921 0.3778 0.2759 0.9962
v -0.530541 -0.103528 1.280839 0.3778 0.2759 0.9962
v -0.700000 0.000000 1.212436 0.3250 0.3248 1.0000
v -0.693185 0.103528 1.200632 0.3250 0.3248 1.0000
v -0.673205 0.200000 1.166025 0.3250 0.3248 1.0000
v -0.641421 0.282843 1.110974 0.3250 0.3248 1.0000
v -0.600000 0.346410 1.039230 0.3250 0.3248 1.0000
v -0.551764 0.386370 0.955683 0.3250 0.3248 1.0000
v -0.500000 0.400000 0.866025 0.3250 0.3248 1.0000
v -0.448236 0.386370 0.776368 0.3250 0.3248 1.0000
v -0.400000 0.346410 0.692820 0.3250 0.3248 1.0000
v -0.358579 0.282843 0.621076 0.3250 0.3248 1.0000
v -0.326795 0.200000 0.566025 0.3250 0.3248 1.0000
v -0.306815 0.103528 0.531419 0.3250 0.3248 1.0000
v -0.300000 0.000000 0.519615 0.3250 0.3248 1.0000
v -0.306815 -0.103528 0.531419 0.3250 0.3248 1.0000
v -0.326795 -0.200000 0.566025 0.3250 0.3248 1.0000
v -0.358579 -0.282843 0.621076 0.3250 0.3248 1.0000
v -0.400000 -0.346410 0.692820 0.3250 0.3248 1.0000
v -0.448236 -0.386370 0.776368 0.3250 0.3248 1.0000
v -0.500000 -0.400000 0.866025 0.3250 0.3248 1.0000
v -0.551764 -0.386370 0.955683 0.3250 0.3248 1.0000
v -0.600000 -0.346410 1.039230 0.3250 0.3248 1.0000
v -0.641421 -0.282843 1.110974 0.3250 0.3248 1.0000
v -0.673205 -0.200000 1.166025 0.3250 0.3248 1.0000
v -0.693185 -0.103528 1.200632 0.3250 0.3248 1.0000
v -0.852266 0.000000 1.110695 0.2761 0.3776 0.9961
v -0.843969 0.103528 1.099882 0.2761 0.3776 0.9961
v -0.819643 0.200000 1.068179 0.2761 0.3776 0.9961
v -0.780945 0.282843 1.017748 0.2761 0.3776 0.9961
v -0.730514 0.346410 0.952024 0.2761 0.3776 0.9961
v -0.671785 0.386370 0.875487 0.2761 0.3776 0.9961
v -0.608761 0.400000 0.793353 0.2761 0.3776 0.9961
v -0.545738 0.386370 0.711219 0.2761 0.3776 0.9961
v -0.487009 0.346410 0.634683 0.2761 0.3776 0.9961
v -0.436578 0.282843 0.568959 0.2761 0.3776 0.9961
v -0.397880 0.200000 0.518528 0.2761 0.3776 0.9961
v -0.373554 0.103528 0.486825 0.2761 0.3776 0.9961
v -0.365257 0.000000 0.476012 0.2761 0.3776 0.9961
v -0.373554 -0.103528 0.486825 0.2761 0.3776 0.9961
v -0.397880 -0.200000 0.518528 0.2761 0.3776 0.9961
v -0.436578 -0.282843 0.568959 0.2761 0.3776 0.9961
v -0.487009 -0.346410 0.634683 0.2761 0.3776 0.9961
v -0.545738 -0.386370 0.711219 0.2761 0.3776 0.9961
v -0.608761 -0.400000 0.793353 0.2761 0.3776 0.9961
v -0.671785 -0.386370 0.875487 0.2761 0.3776 0.9961
v -0.730514 -0.346410 0.952024 0.2761 0.3776 0.9961
v -0.780945 -0.282843 1.017748 0.2761 0.3776 0.9961
v -0.819643 -0.200000 1.068179 0.2761 0.3776 0.9961
v -0.843969 -0.103528 1.099882 0.2761 0.3776 0.9961
v -0.989949 0.000000 0.989949 0.2318 0.4334 0.9846
v -0.980312 0.103528 0.980312 0.2318 0.4334 0.9846
v -0.952056 0.200000 0.952056 0.2318 0.4334 0.9846
v -0.907107 0.282843 0.907107 0.2318 0.4334 0.9846
v -0.848528 0.346410 0.848528 0.2318 0.4334 0.9846
v -0.780312 0.386370 0.780312 0.2318 0.4334 0.9846
v -0.707107 0.400000 0.707107 0.2318 0.4334 0.9846
v -0.633902 0.386370 0.633902 0.2318 0.4334 0.9846
v -0.565685 0.346410 0.565685 0.2318 0.4334 0.9846
v -0.507107 0.282843 0.507107 0.2318 0.4334 0.9846
v -0.462158 0.200000 0.462158 0.2318 0.4334 0.9846
v -0.433902 0.103528 0.433902 0.2318 0.4334 0.9846
v -0.424264 0.000000 0.424264 0.2318 0.4334 0.9846
v -0.433902 -0.103528 0.433902 0.2318 0.4334 0.9846
v -0.462158 -0.200000 0.462158 0.2318 0.4334 0.9846
v -0.507107 -0.282843 0.507107 0.2318 0.4334 0.9846
v -0.565685 -0.346410 0.565685 0.2318 0.4334 0.9846
v -0.633902 -0.386370 0.633902 0.2318 0.4334 0.9846
v -0.707107 -0.400000 0.707107 0.2318 0.4334 0.9846
v -0.780312 -0.386370 0.780312 0.2318 0.4334 0.9846
v -0.848528 -0.346410 0.848528 0.2318 0.4334 0.9846
v -0.907107 -0.282843 0.907107 0.2318 0.4334 0.9846
v -0.952056 -0.200000 0.952056 0.2318 0.4334 0.9846
v -0.980312 -0.103528 0.980312 0.2318 0.4334 0.9846
v -1.110695 0.000000 0.852266 0.1930 0.4911 0.9657
v -1.099882 0.103528 0.843969 0.1930 0.4911 0.9657
v -1.068179 0.200000 0.819643 0.1930 0.4911 0.9657
v -1.017748 0.282843 0.780945 0.1930 0.4911 0.9657
v -0.952024 0.346410 0.730514 0.1930 0.4911 0.9657
v -0.875487 0.386370 0.671785 0.1930 0.4911 0.9657
v -0.793353 0.400000 0.608761 0.1930 0.4911 0.9657
v -0.711219 0.386370 0.545738 0.1930 0.4911 0.9657
v -0.634683 0.346410 0.487009 0.1930 0.4911 0.9657
v -0.568959 0.282843 0.436578 0.1930 0.4911 0.9657
v -0.518528 0.200000 0.397880 0.1930 0.4911 0.9657
v -0.486825 0.103528 0.373554 0.1930 0.4911 0.9657
v -0.476012 0.000000 0.365257 0.1930 0.4911 0.9657
v -0.486825 -0.103528 0.373554 0.1930 0.4911 0.9657
v -0.518528 -0.200000 0.397880 0.1930 0.4911 0.9657
v -0.568959 -0.282843 0.436578 0.1930 0.4911 0.9657
v -0.634683 -0.346410 0.487009 0.1930 0.4911 0.9657
v -0.711219 -0.386370 0.545738 0.1930 0.4911 0.9657
v -0.793353 -0.400000 0.608761 0.1930 0.4911 0.9657
v -0.875487 -0.386370 0.671785 0.1930 0.4911 0.9657
v -0.952024 -0.346410 0.730514 0.1930 0.4911 0.9657
v -1.017748 -0.282843 0.780945 0.1930 0.4911 0.9657
v -1.068179 -0.200000 0.819643 0.1930 0.4911 0.9657
v -1.099882 -0.103528 0.843969 0.1930 0.4911 0.9657
v -1.212436 0.000000 0.700000 0.1603 0.5498 0.9397
v -1.200632 0.103528 0.693185 0.1603 0.5498 0.9397
v -1.166025 0.200000 0.673205 0.1603 0.5498 0.9397
v -1.110974 0.282843 0.641421 0.1603 0.5498 0.9397
v -1.039230 0.346410 0.600000 0.1603 0.5498 0.9397
v -0.955683 0.386370 0.551764 0.1603 0.5498 0.9397
v -0.866025 0.400000 0.500000 0.1603 0.5498 0.9397
v -0.776368 0.386370 0.448236 0.1603 0.5498 0.9397
v -0.692820 0.346410 0.400000 0.1603 0.5498 0.9397
v -0.621076 0.282843 0.358579 0.1603 0.5498 0.9397
v -0.566025 0.200000 0.326795 0.1603 0.5498 0.9397
v -0.531419 0.103528 0.306815 0.1603 0.5498 0.9397
v -0.519615 0.000000 0.300000 0.1603 0.5498 0.9397
v -0.531419 -0.103528 0.306815 0.1603 0.5498 0.9397
v -0.566025 -0.200000 0.326795 0.1603 0.5498 0.9397
v -0.621076 -0.282843 0.358579 0.1603 0.5498 0.9397
v -0.692820 -0.346410 0.400000 0.1603 0.5498 0.9397
v -0.776368 -0.386370 0.448236 0.1603 0.5498 0.9397
v -0.866025 -0.400000 0.500000 0.1603 0.5498 0.9397
v -0.955683 -0.386370 0.551764 0.1603 0.5498 0.9397
v -1.039230 -0.346410 0.600000 0.1603 0.5498 0.9397
v -1.110974 -0.282843 0.641421 0.1603 0.5498 0.9397
v -1.166025 -0.200000 0.673205 0.1603 0.5498 0.9397
v -1.200632 -0.103528 0.693185 0.1603 0.5498 0.9397
v -1.293431 0.000000 0.535757 0.1343 0.6086 0.9070
v -1.280839 0.103528 0.530541 0.1343 0.6086 0.9070
v -1.243921 0.200000 0.515249 0.1343 0.6086 0.9070
v -1.185192 0.282843 0.490923 0.1343 0.6086 0.9070
v -1.108655 0.346410 0.459220 0.1343 0.6086 0.9070
v -1.019527 0.386370 0.422302 0.1343 0.6086 0.9070
v -0.923880 0.400000 0.382683 0.1343 0.6086 0.9070
v -0.828232 0.386370 0.343065 0.1343 0.6086 0.9070
v -0.739104 0.346410 0.306147 0.1343 0.6086 0.9070
v -0.662567 0.282843 0.274444 0.1343 0.6086 0.9070
v -0.603838 0.200000 0.250118 0.1343 0.6086 0.9070
v -0.566920 0.103528 0.234826 0.1343 0.6086 0.9070
v -0.554328 0.000000 0.229610 0.1343 0.6086 0.9070
v -0.566920 -0.103528 0.234826 0.1343 0.6086 0.9070
v -0.603838 -0.200000 0.250118 0.1343 0.6086 0.9070
v -0.662567 -0.282843 0.274444 0.1343 0.6086 0.9070
v -0.739104 -0.346410 0.306147 0.1343 0.6086 0.9070
v -0.828232 -0.386370 0.343065 0.1343 0.6086 0.9070
v -0.923880 -0.400000 0.382683 0.1343 0.6086 0.9070
v -1.019527 -0.386370 0.422302 0.1343 0.6086 0.9070
v -1.108655 -0.346410 0.459220 0.1343 0.6086 0.9070
v -1.185192 -0.282843 0.490923 0.1343 0.6086 0.9070
v -1.243921 -0.200000 0.515249 0.1343 0.6086 0.9070
v -1.280839 -0.103528 0.530541 0.1343 0.6086 0.9070
v -1.352296 0.000000 0.362347 0.1153 0.6663 0.8681
v -1.339131 0.103528 0.358819 0.1153 0.6663 0.8681
v -1.300532 0.200000 0.348477 0.1153 0.6663 0.8681
v -1.239131 0.282843 0.332024 0.1153 0.6663 0.8681
v -1.159111 0.346410 0.310583 0.1153 0.6663 0.8681
v -1.065926 0.386370 0.285614 0.1153 0.6663 0.8681
v -0.965926 0.400000 0.258819 0.1153 0.6663 0.8681
v -0.865926 0.386370 0.232024 0.1153 0.6663 0.8681
v -0.772741 0.346410 0.207055 0.1153 0.6663 0.8681
v -0.692721 0.282843 0.185614 0.1153 0.6663 0.8681
v -0.631319 0.200000 0.169161 0.1153 0.6663 0.8681
v -0.592721 0.103528 0.158819 0.1153 0.6663 0.8681
v -0.579555 0.000000 0.155291 0.1153 0.6663 0.8681
v -0.592721 -0.103528 0.158819 0.1153 0.6663 0.8681
v -0.631319 -0.200000 0.169161 0.1153 0.6663 0.8681
v -0.692721 -0.282843 0.185614 0.1153 0.6663 0.8681
v -0.772741 -0.346410 0.207055 0.1153 0.6663 0.8681
v -0.865926 -0.386370 0.232024 0.1153 0.6663 0.8681
v -0.965926 -0.400000 0.258819 0.1153 0.6663 0.8681
v -1.065926 -0.386370 0.285614 0.1153 0.6663 0.8681
v -1.159111 -0.346410 0.310583 0.1153 0.6663 0.8681
v -1.239131 -0.282843 0.332024 0.1153 0.6663 0.8681
v -1.300532 -0.200000 0.348477 0.1153 0.6663 0.8681
v -1.339131 -0.103528 0.358819 0.1153 0.6663 0.8681
v -1.388023 0.000000 0.182737 0.1038 0.7220 0.8239
v -1.374510 0.103528 0.180958 0.1038 0.7220 0.8239
v -1.334891 0.200000 0.175742 0.1038 0.7220 0.8239
v -1.271868 0.282843 0.167445 0.1038 0.7220 0.8239
v -1.189734 0.346410 0.156631 0.1038 0.7220 0.8239
v -1.094087 0.386370 0.144039 0.1038 0.7220 0.8239
v -0.991445 0.400000 0.130526 0.1038 0.7220 0.8239
v -0.888803 0.386370 0.117013 0.1038 0.7220 0.8239
v -0.793156 0.346410 0.104421 0.1038 0.7220 0.8239
v -0.711022 0.282843 0.093608 0.1038 0.7220 0.8239
v -0.647998 0.200000 0.085311 0.1038 0.7220 0.8239
v -0.608380 0.103528 0.080095 0.1038 0.7220 0.8239
v -0.594867 0.000000 0.078316 0.1038 0.7220 0.8239
v -0.608380 -0.103528 0.080095 0.1038 0.7220 0.8239
v -0.647998 -0.200000 0.085311 0.1038 0.7220 0.8239
v -0.711022 -0.282843 0.093608 0.1038 0.7220 0.8239
v -0.793156 -0.346410 0.104421 0.1038 0.7220 0.8239
v -0.888803 -0.386370 0.117013 0.1038 0.7220 0.8239
v -0.991445 -0.400000 0.130526 0.1038 0.7220 0.8239
v -1.094087 -0.386370 0.144039 0.1038 0.7220 0.8239
v -1.189734 -0.346410 0.156631 0.1038 0.7220 0.8239
v -1.271868 -0.282843 0.167445 0.1038 0.7220 0.8239
v -1.334891 -0.200000 0.175742 0.1038 0.7220 0.8239
v -1.374510 -0.103528 0.180958 0.1038 0.7220 0.8239
v -1.400000 0.000000 0.000000 0.1000 0.7748 0.7749
v -1.386370 0.103528 0.000000 0.1000 0.7748 0.7749
v -1.346410 0.200000 0.000000 0.1000 0.7748 0.7749
v -1.282843 0.282843 0.000000 0.1000 0.7748 0.7749
v -1.200000 0.346410 0.000000 0.1000 0.7748 0.7749
v -1.103528 0.386370 0.000000 0.1000 0.7748 0.7749
v -1.000000 0.400000 0.000000 0.1000 0.7748 0.7749
v -0.896472 0.386370 0.000000 0.1000 0.7748 0.7749
v -0.800000 0.346410 0.000000 0.1000 0.7748 0.7749
v -0.717157 0.282843 0.000000 0.1000 0.7748 0.7749
v -0.653590 0.200000 0.000000 0.1000 0.7748 0.7749
v -0.613630 0.103528 0.000000 0.1000 0.7748 0.7749
v -0.600000 0.000000 0.000000 0.1000 0.7748 0.7749
v -0.613630 -0.103528 0.000000 0.1000 0.7748 0.7749
v -0.653590 -0.200000 0.000000 0.1000 0.7748 0.7749
v -0.717157 -0.282843 0.000000 0.1000 0.7748 0.7749
v -0.800000 -0.346410 0.000000 0.1000 0.7748 0.7749
v -0.896472 -0.386370 0.000000 0.1000 0.7748 0.7749
v -1.000000 -0.400000 0.000000 0.1000 0.7748 0.7749
v -1.103528 -0.386370 0.000000 0.1000 0.7748 0.7749
v -1.200000 -0.346410 0.000000 0.1000 0.7748 0.7749
v -1.282843 -0.282843 0.000000 0.1000 0.7748 0.7749
v -1.346410 -0.200000 0.000000 0.1000 0.7748 0.7749
v -1.386370 -0.103528 0.000000 0.1000 0.7748 0.7749
v -1.388023 0.000000 -0.182737 0.1038 0.8238 0.7221
v -1.374510 0.103528 -0.180958 0.1038 0.8238 0.7221
v -1.334891 0.200000 -0.175742 0.1038 0.8238 0.7221
v -1.271868 0.282843 -0.167445 0.1038 0.8238 0.7221
v -1.189734 0.346410 -0.156631 0.1038 0.8238 0.7221
v -1.094087 0.386370 -0.144039 0.1038 0.8238 0.7221
v -0.991445 0.400000 -0.130526 0.1038 0.8238 0.7221
v -0.888803 0.386370 -0.117013 0.1038 0.8238 0.7221
v -0.793156 0.346410 -0.104421 0.1038 0.8238 0.7221
v -0.711022 0.282843 -0.093608 0.1038 0.8238 0.7221
v -0.647998 0.200000 -0.085311 0.1038 0.8238 0.7221
v -0.608380 0.103528 -0.080095 0.1038 0.8238 0.7221
v -0.594867 0.000000 -0.078316 0.1038 0.8238 0.7221
v -0.608380 -0.103528 -0.080095 0.1038 0.8238 0.7221
v -0.647998 -0.200000 -0.085311 0.1038 0.8238 0.7221
v -0.711022 -0.282843 -0.093608 0.1038 0.8238 0.7221
v -0.793156 -0.346410 -0.104421 0.1038 0.8238 0.7221
v -0.888803 -0.386370 -0.117013 0.1038 0.8238 0.7221
v -0.991445 -0.400000 -0.130526 0.1038 0.8238 0.7221
v -1.094087 -0.386370 -0.144039 0.1038 0.8238 0.7221
v -1.189734 -0.346410 -0.156631 0.1038 0.8238 0.7221
v -1.271868 -0.282843 -0.167445 0.1038 0.8238 0.7221
v -1.334891 -0.200000 -0.175742 0.1038 0.8238 0.7221
v -1.374510 -0.103528 -0.180958 0.1038 0.8238 0.7221
v -1.352296 0.000000 -0.362347 0.1153 0.8681 0.6664
v -1.339131 0.103528 -0.358819 0.1153 0.8681 0.6664
v -1.300532 0.200000 -0.348477 0.1153 0.8681 0.6664
v -1.239131 0.282843 -0.332024 0.1153 0.8681 0.6664
v -1.159111 0.346410 -0.310583 0.1153 0.8681 0.6664
v -1.065926 0.386370 -0.285614 0.1153 0.8681 0.6664
v -0.965926 0.400000 -0.258819 0.1153 0.8681 0.6664
v -0.865926 0.386370 -0.232024 0.1153 0.8681 0.6664
v -0.772741 0.346410 -0.207055 0.1153 0.8681 0.6664
v -0.692721 0.282843 -0.185614 0.1153 0.8681 0.6664
v -0.631319 0.200000 -0.169161 0.1153 0.8681 0.6664
v -0.592721 0.103528 -0.158819 0.1153 0.8681 0.6664
v -0.579555 0.000000 -0.155291 0.1153 0.8681 0.6664
v -0.592721 -0.103528 -0.158819 0.1153 0.8681 0.6664
v -0.631319 -0.200000 -0.169161 0.1153 0.8681 0.6664
v -0.692721 -0.282843 -0.185614 0.1153 0.8681 0.6664
v -0.772741 -0.346410 -0.207055 0.1153 0.8681 0.6664
v -0.865926 -0.386370 -0.232024 0.1153 0.8681 0.6664
v -0.965926 -0.400000 -0.258819 0.1153 0.8681 0.6664
v -1.065926 -0.386370 -0.285614 0.1153 0.8681 0.6664
v -1.159111 -0.346410 -0.310583 0.1153 0.8681 0.6664
v -1.239131 -0.282843 -0.332024 0.1153 0.8681 0.6664
v -1.300532 -0.200000 -0.348477 0.1153 0.8681 0.6664
v -1.339131 -0.103528 -0.358819 0.1153 0.8681 0.6664
v -1.293431 0.000000 -0.535757 0.1343 0.9069 0.6086
v -1.280839 0.103528 -0.530541 0.1343 0.9069 0.6086
v -1.243921 0.200000 -0.515249 0.1343 0.9069 0.6086
v -1.185192 0.282843 -0.490923 0.1343 0.9069 0.6086
v -1.108655 0.346410 -0.459220 0.1343 0.9069 0.6086
v -1.019527 0.386370 -0.422302 0.1343 0.9069 0.6086
v -0.923880 0.400000 -0.382683 0.1343 0.9069 0.6086
v -0.828232 0.386370 -0.343065 0.1343 0.9069 0.6086
v -0.739104 0.346410 -0.306147 0.1343 0.9069 0.6086
v -0.662567 0.282843 -0.274444 0.1343 0.9069 0.6086
v -0.603838 0.200000 -0.250118 0.1343 0.9069 0.6086
v -0.566920 0.103528 -0.234826 0.1343 0.9069 0.6086
v -0.554328 0.000000 -0.229610 0.1343 0.9069 0.6086
v -0.566920 -0.103528 -0.234826 0.1343 0.9069 0.6086
v -0.603838 -0.200000 -0.250118 0.1343 0.9069 0.6086
v -0.662567 -0.282843 -0.274444 0.1343 0.9069 0.6086
v -0.739104 -0.346410 -0.306147 0.1343 0.9069 0.6086
v -0.828232 -0.386370 -0.343065 0.1343 0.9069 0.6086
v -0.923880 -0.400000 -0.382683 0.1343 0.9069 0.6086
v -1.019527 -0.386370 -0.422302 0.1343 0.9069 0.6086
v -1.108655 -0.346410 -0.459220 0.1343 0.9069 0.6086
v -1.185192 -0.282843 -0.490923 0.1343 0.9069 0.6086
v -1.243921 -0.200000 -0.515249 0.1343 0.9069 0.6086
v -1.280839 -0.103528 -0.530541 0.1343 0.9069 0.6086
v -1.212436 0.000000 -0.700000 0.1603 0.9396 0.5499
v -1.200632 0.103528 -0.693185 0.1603 0.9396 0.5499
v -1.166025 0.200000 -0.673205 0.1603 0.9396 0.5499
v -1.110974 0.282843 -0.641421 0.1603 0.9396 0.5499
v -1.039230 0.346410 -0.600000 0.1603 0.9396 0.5499
v -0.955683 0.386370 -0.551764 0.1603 0.9396 0.5499
v -0.866025 0.400000 -0.500000 0.1603 0.9396 0.5499
v -0.776368 0.386370 -0.448236 0.1603 0.9396 0.5499
v -0.692820 0.346410 -0.400000 0.1603 0.9396 0.5499
v -0.621076 0.282843 -0.358579 0.1603 0.9396 0.5499
v -0.566025 0.200000 -0.326795 0.1603 0.9396 0.5499
v -0.531419 0.103528 -0.306815 0.1603 0.9396 0.5499
v -0.519615 0.000000 -0.300000 0.1603 0.9396 0.5499
v -0.531419 -0.103528 -0.306815 0.1603 0.9396 0.5499
v -0.566025 -0.200000 -0.326795 0.1603 0.9396 0.5499
v -0.621076 -0.282843 -0.358579 0.1603 0.9396 0.5499
v -0.692820 -0.346410 -0.400000 0.1603 0.9396 0.5499
v -0.776368 -0.386370 -0.448236 0.1603 0.9396 0.5499
v -0.866025 -0.400000 -0.500000 0.1603 0.9396 0.5499
v -0.955683 -0.386370 -0.551764 0.1603 0.9396 0.5499
v -1.039230 -0.346410 -0.600000 0.1603 0.9396 0.5499
v -1.110974 -0.282843 -0.641421 0.1603 0.9396 0.5499
v -1.166025 -0.200000 -0.673205 0.1603 0.9396 0.5499
v -1.200632 -0.103528 -0.693185 0.1603 0.9396 0.5499
v -1.110695 0.000000 -0.852266 0.1930 0.9657 0.4912
v -1.099882 0.103528 -0.843969 0.1930 0.9657 0.4912
v -1.068179 0.200000 -0.819643 0.1930 0.9657 0.4912
v -1.017748 0.282843 -0.780945 0.1930 0.9657 0.4912
v -0.952024 0.346410 -0.730514 0.1930 0.9657 0.4912
v -0.875487 0.386370 -0.671785 0.1930 0.9657 0.4912
v -0.793353 0.400000 -0.608761 0.1930 0.9657 0.4912
v -0.711219 0.386370 -0.545738 0.1930 0.9657 0.4912
v -0.634683 0.346410 -0.487009 0.1930 0.9657 0.4912
v -0.568959 0.282843 -0.436578 0.1930 0.9657 0.4912
v -0.518528 0.200000 -0.397880 0.1930 0.9657 0.4912
v -0.486825 0.103528 -0.373554 0.1930 0.9657 0.4912
v -0.476012 0.000000 -0.365257 0.1930 0.9657 0.4912
v -0.486825 -0.103528 -0.373554 0.1930 0.9657 0.4912
v -0.518528 -0.200000 -0.397880 0.1930 0.9657 0.4912
v -0.568959 -0.282843 -0.436578 0.1930 0.9657 0.4912
v -0.634683 -0.346410 -0.487009 0.1930 0.9657 0.4912
v -0.711219 -0.386370 -0.545738 0.1930 0.9657 0.4912
v -0.793353 -0.400000 -0.608761 0.1930 0.9657 0.4912
v -0.875487 -0.386370 -0.671785 0.1930 0.9657 0.4912
v -0.952024 -0.346410 -0.730514 0.1930 0.9657 0.4912
v -1.017748 -0.282843 -0.780945 0.1930 0.9657 0.4912
v -1.068179 -0.200000 -0.819643 0.1930 0.9657 0.4912
v -1.099882 -0.103528 -0.843969 0.1930 0.9657 0.4912
v -0.989949 0.000000 -0.989949 0.2318 0.9846 0.4334
v -0.980312 0.103528 -0.980312 0.2318 0.9846 0.4334
v -0.952056 0.200000 -0.952056 0.2318 0.9846 0.4334
v -0.907107 0.282843 -0.907107 0.2318 0.9846 0.4334
v -0.848528 0.346410 -0.848528 0.2318 0.9846 0.4334
v -0.780312 0.386370 -0.780312 0.2318 0.9846 0.4334
v -0.707107 0.400000 -0.707107 0.2318 0.9846 0.4334
v -0.633902 0.386370 -0.633902 0.2318 0.9846 0.4334
v -0.565685 0.346410 -0.565685 0.2318 0.9846 0.4334
v -0.507107 0.282843 -0.507107 0.2318 0.9846 0.4334
v -0.462158 0.200000 -0.462158 0.2318 0.9846 0.4334
v -0.433902 0.103528 -0.433902 0.2318 0.9846 0.4334
v -0.424264 0.000000 -0.424264 0.2318 0.9846 0.4334
v -0.433902 -0.103528 -0.433902 0.2318 0.9846 0.4334
v -0.462158 -0.200000 -0.462158 0.2318 0.9846 0.4334
v -0.507107 -0.282843 -0.507107 0.2318 0.9846 0.4334
v -0.565685 -0.346410 -0.565685 0.2318 0.9846 0.4334
v -0.633902 -0.386370 -0.633902 0.2318 0.9846 0.4334
v -0.707107 -0.400000 -0.707107 0.2318 0.9846 0.4334
v -0.780312 -0.386370 -0.780312 0.2318 0.9846 0.4334
v -0.848528 -0.346410 -0.848528 0.2318 0.9846 0.4334
v -0.907107 -0.282843 -0.907107 0.2318 0.9846 0.4334
v -0.952056 -0.200000 -0.952056 0.2318 0.9846 0.4334
v -0.980312 -0.103528 -0.980312 0.2318 0.9846 0.4334
v -0.852266 0.000000 -1.110695 0.2761 0.9961 0.3777
v -0.843969 0.103528 -1.099882 0.2761 0.9961 0.3777
v -0.819643 0.200000 -1.068179 0.2761 0.9961 0.3777
v -0.780945 0.282843 -1.017748 0.2761 0.9961 0.3777
v -0.730514 0.346410 -0.952024 0.2761 0.9961 0.3777
v -0.671785 0.386370 -0.875487 0.2761 0.9961 0.3777
v -0.608761 0.400000 -0.793353 0.2761 0.9961 0.3777
v -0.545738 0.386370 -0.711219 0.2761 0.9961 0.3777
v -0.487009 0.346410 -0.634683 0.2761 0.9961 0.3777
v -0.436578 0.282843 -0.568959 0.2761 0.9961 0.3777
v -0.397880 0.200000 -0.518528 0.2761 0.9961 0.3777
v -0.373554 0.103528 -0.486825 0.2761 0.9961 0.3777
v -0.365257 0.000000 -0.476012 0.2761 0.9961 0.3777
v -0.373554 -0.103528 -0.486825 0.2761 0.9961 0.3777
v -0.397880 -0.200000 -0.518528 0.2761 0.9961 0.3777
v -0.436578 -0.282843 -0.568959 0.2761 0.9961 0.3777
v -0.487009 -0.346410 -0.634683 0.2761 0.9961 0.3777
v -0.545738 -0.386370 -0.711219 0.2761 0.9961 0.3777
v -0.608761 -0.400000 -0.793353 0.2761 0.9961 0.3777
v -0.671785 -0.386370 -0.875487 0.2761 0.9961 0.3777
v -0.730514 -0.346410 -0.952024 0.2761 0.9961 0.3777
v -0.780945 -0.282843 -1.017748 0.2761 0.9961 0.3777
v -0.819643 -0.200000 -1.068179 0.2761 0.9961 0.3777
v -0.843969 -0.103528 -1.099882 0.2761 0.9961 0.3777
v -0.700000 0.000000 -1.212436 0.3250 1.0000 0.3249
v -0.693185 0.103528 -1.200632 0.3250 1.0000 0.3249
v -0.673205 0.200000 -1.166025 0.3250 1.0000 0.3249
v -0.641421 0.282843 -1.110974 0.3250 1.0000 0.3249
v -0.600000 0.346410 -1.039230 0.3250 1.0000 0.3249
v -0.551764 0.386370 -0.955683 0.3250 1.0000 0.3249
v -0.500000 0.400000 -0.866025 0.3250 1.0000 0.3249
v -0.448236 0.386370 -0.776368 0.3250 1.0000 0.3249
v -0.400000 0.346410 -0.692820 0.3250 1.0000 0.3249
v -0.358579 0.282843 -0.621076 0.3250 1.0000 0.3249
v -0.326795 0.200000 -0.566025 0.3250 1.0000 0.3249
v -0.306815 0.103528 -0.531419 0.3250 1.0000 0.3249
v -0.300000 0.000000 -0.519615 0.3250 1.0000 0.3249
v -0.306815 -0.103528 -0.531419 0.3250 1.0000 0.3249
v -0.326795 -0.200000 -0.566025 0.3250 1.0000 0.3249
v -0.358579 -0.282843 -0.621076 0.3250 1.0000 0.3249
v -0.400000 -0.346410 -0.692820 0.3250 1.0000 0.3249
v -0.448236 -0.386370 -0.776368 0.3250 1.0000 0.3249
v -0.500000 -0.400000 -0.866025 0.3250 1.0000 0.3249
v -0.551764 -0.386370 -0.955683 0.3250 1.0000 0.3249
v -0.600000 -0.346410 -1.039230 0.3250 1.0000 0.3249
v -0.641421 -0.282843 -1.110974 0.3250 1.0000 0.3249
v -0.673205 -0.200000 -1.166025 0.3250 1.0000 0.3249
v -0.693185 -0.103528 -1.200632 0.3250 1.0000 0.3249
v -0.535757 0.000000 -1.293431 0.3778 0.9962 0.2760
v -0.530541 0.103528 -1.280839 0.3778 0.9962 0.2760
v -0.515249 0.200000 -1.243921 0.3778 0.9962 0.2760
v -0.490923 0.282843 -1.185192 0.3778 0.9962 0.2760
v -0.459220 0.346410 -1.108655 0.3778 0.9962 0.2760
v -0.422302 0.386370 -1.019527 0.3778 0.9962 0.2760
v -0.382683 0.400000 -0.923880 0.3778 0.9962 0.2760
v -0.343065 0.386370 -0.828232 0.3778 0.9962 0.2760
v -0.306147 0.346410 -0.739104 0.3778 0.9962 0.2760
v -0.274444 0.282843 -0.662567 0.3778 0.9962 0.2760
v -0.250118 0.200000 -0.603838 0.3778 0.9962 0.2760
v -0.234826 0.103528 -0.566920 0.3778 0.9962 0.2760
v -0.229610 0.000000 -0.554328 0.3778 0.9962 0.2760
v -0.234826 -0.103528 -0.566920 0.3778 0.9962 0.2760
v -0.250118 -0.200000 -0.603838 0.3778 0.9962 0.2760
v -0.274444 -0.282843 -0.662567 0.3778 0.9962 0.2760
v -0.306147 -0.346410 -0.739104 0.3778 0.9962 0.2760
v -0.343065 -0.386370 -0.828232 0.3778 0.9962 0.2760
v -0.382683 -0.400000 -0.923880 0.3778 0.9962 0.2760
v -0.422302 -0.386370 -1.019527 0.3778 0.9962 0.2760
v -0.459220 -0.346410 -1.108655 0.3778 0.9962 0.2760
v -0.490923 -0.282843 -1.185192 0.3778 0.9962 0.2760
v -0.515249 -0.200000 -1.243921 0.3778 0.9962 0.2760
v -0.530541 -0.103528 -1.280839 0.3778 0.9962 0.2760
v -0.362347 0.000000 -1.352296 0.4335 0.9847 0.2317
v -0.358819 0.103528 -1.339131 0.4335 0.9847 0.2317
v -0.348477 0.200000 -1.300532 0.4335 0.9847 0.2317
v -0.332024 0.282843 -1.239131 0.4335 0.9847 0.2317
v -0.310583 0.346410 -1.159111 0.4335 0.9847 0.2317
v -0.285614 0.386370 -1.065926 0.4335 0.9847 0.2317
v -0.258819 0.400000 -0.965926 0.4335 0.9847 0.2317
v -0.232024 0.386370 -0.865926 0.4335 0.9847 0.2317
v -0.207055 0.346410 -0.772741 0.4335 0.9847 0.2317
v -0.185614 0.282843 -0.692721 0.4335 0.9847 0.2317
v -0.169161 0.200000 -0.631319 0.4335 0.9847 0.2317
v -0.158819 0.103528 -0.592721 0.4335 0.9847 0.2317
v -0.155291 0.000000 -0.579555 0.4335 0.9847 0.2317
v -0.158819 -0.103528 -0.592721 0.4335 0.9847 0.2317
v -0.169161 -0.200000 -0.631319 0.4335 0.9847 0.2317
v -0.185614 -0.282843 -0.692721 0.4335 0.9847 0.2317
v -0.207055 -0.346410 -0.772741 0.4335 0.9847 0.2317
v -0.232024 -0.386370 -0.865926 0.4335 0.9847 0.2317
v -0.258819 -0.400000 -0.965926 0.4335 0.9847 0.2317
v -0.285614 -0.386370 -1.065926 0.4335 0.9847 0.2317
v -0.310583 -0.346410 -1.159111 0.4335 0.9847 0.2317
v -0.332024 -0.282843 -1.239131 0.4335 0.9847 0.2317
v -0.348477 -0.200000 -1.300532 0.4335 0.9847 0.2317
v -0.358819 -0.103528 -1.339131 0.4335 0.9847 0.2317
v -0.182737 0.000000 -1.388023 0.4913 0.9658 0.1929
v -0.180958 0.103528 -1.374510 0.4913 0.9658 0.1929
v -0.175742 0.200000 -1.334891 0.4913 0.9658 0.1929
v -0.167445 0.282843 -1.271868 0.4913 0.9658 0.1929
v -0.156631 0.346410 -1.189734 0.4913 0.9658 0.1929
v -0.144039 0.386370 -1.094087 0.4913 0.9658 0.1929
v -0.130526 0.400000 -0.991445 0.4913 0.9658 0.1929
v -0.117013 0.386370 -0.888803 0.4913 0.9658 0.1929
v -0.104421 0.346410 -0.793156 0.4913 0.9658 0.1929
v -0.093608 0.282843 -0.711022 0.4913 0.9658 0.1929
v -0.085311 0.200000 -0.647998 0.4913 0.9658 0.1929
v -0.080095 0.103528 -0.608380 0.4913 0.9658 0.1929
v -0.078316 0.000000 -0.594867 0.4913 0.9658 0.1929
v -0.080095 -0.103528 -0.608380 0.4913 0.9658 0.1929
v -0.085311 -0.200000 -0.647998 0.4913 0.9658 0.1929
v -0.093608 -0.282843 -0.711022 0.4913 0.9658 0.1929
v -0.104421 -0.346410 -0.793156 0.4913 0.9658 0.1929
v -0.117013 -0.386370 -0.888803 0.4913 0.9658 0.1929
v -0.130526 -0.400000 -0.991445 0.4913 0.9658 0.1929
v -0.144039 -0.386370 -1.094087 0.4913 0.9658 0.1929
v -0.156631 -0.346410 -1.189734 0.4913 0.9658 0.1929
v -0.167445 -0.282843 -1.271868 0.4913 0.9658 0.1929
v -0.175742 -0.200000 -1.334891 0.4913 0.9658 0.1929
v -0.180958 -0.103528 -1.374510 0.4913 0.9658 0.1929
v -0.000000 0.000000 -1.400000 0.5500 0.9398 0.1602
v -0.000000 0.103528 -1.386370 0.5500 0.9398 0.1602
v -0.000000 0.200000 -1.346410 0.5500 0.9398 0.1602
v -0.000000 0.282843 -1.282843 0.5500 0.9398 0.1602
v -0.000000 0.346410 -1.200000 0.5500 0.9398 0.1602
v -0.000000 0.386370 -1.103528 0.5500 0.9398 0.1602
v -0.000000 0.400000 -1.000000 0.5500 0.9398 0.1602
v -0.000000 0.386370 -0.896472 0.5500 0.9398 0.1602
v -0.000000 0.346410 -0.800000 0.5500 0.9398 0.1602
v -0.000000 0.282843 -0.717157 0.5500 0.9398 0.1602
v -0.000000 0.200000 -0.653590 0.5500 0.9398 0.1602
v -0.000000 0.103528 -0.613630 0.5500 0.9398 0.1602
v -0.000000 0.000000 -0.600000 0.5500 0.9398 0.1602
v -0.000000 -0.103528 -0.613630 0.5500 0.9398 0.1602
v -0.000000 -0.200000 -0.653590 0.5500 0.9398 0.1602
v -0.000000 -0.282843 -0.717157 0.5500 0.9398 0.1602
v -0.000000 -0.346410 -0.800000 0.5500 0.9398 0.1602
v -0.000000 -0.386370 -0.896472 0.5500 0.9398 0.1602
v -0.000000 -0.400000 -1.000000 0.5500 0.9398 0.1602
v -0.000000 -0.386370 -1.103528 0.5500 0.9398 0.1602
v -0.000000 -0.346410 -1.200000 0.5500 0.9398 0.1602
v -0.000000 -0.282843 -1.282843 0.5500 0.9398 0.1602
v -0.000000 -0.200000 -1.346410 0.5500 0.9398 0.1602
v -0.000000 -0.103528 -1.386370 0.5500 0.9398 0.1602
v 0.182737 0.000000 -1.388023 0.6087 0.9071 0.1342
v 0.180958 0.103528 -1.374510 0.6087 0.9071 0.1342
v 0.175742 0.200000 -1.334891 0.6087 0.9071 0.1342
v 0.167445 0.282843 -1.271868 0.6087 0.9071 0.1342
v 0.156631 0.346410 -1.189734 0.6087 0.9071 0.1342
v 0.144039 0.386370 -1.094087 0.6087 0.9071 0.1342
v 0.130526 0.400000 -0.991445 0.6087 0.9071 0.1342
v 0.117013 0.386370 -0.888803 0.6087 0.9071 0.1342
v 0.104421 0.346410 -0.793156 0.6087 0.9071 0.1342
v 0.093608 0.282843 -0.711022 0.6087 0.9071 0.1342
v 0.085311 0.200000 -0.647998 0.6087 0.9071 0.1342
v 0.080095 0.103528 -0.608380 0.6087 0.9071 0.1342
v 0.078316 0.000000 -0.594867 0.6087 0.9071 0.1342
v 0.080095 -0.103528 -0.608380 0.6087 0.9071 0.1342
v 0.085311 -0.200000 -0.647998 0.6087 0.9071 0.1342
v 0.093608 -0.282843 -0.711022 0.6087 0.9071 0.1342
v 0.104421 -0.346410 -0.793156 0.6087 0.9071 0.1342
v 0.117013 -0.386370 -0.888803 0.6087 0.9071 0.1342
v 0.130526 -0.400000 -0.991445 0.6087 0.9071 0.1342
v 0.144039 -0.386370 -1.094087 0.6087 0.9071 0.1342
v 0.156631 -0.346410 -1.189734 0.6087 0.9071 0.1342
v 0.167445 -0.282843 -1.271868 0.6087 0.9071 0.1342
v 0.175742 -0.200000 -1.334891 0.6087 0.9071 0.1342
v 0.180958 -0.103528 -1.374510 0.6087 0.9071 0.1342
v 0.362347 0.000000 -1.352296 0.6665 0.8683 0.1153
v 0.358819 0.103528 -1.339131 0.6665 0.8683 0.1153
v 0.348477 0.200000 -1.300532 0.6665 0.8683 0.1153
v 0.332024 0.282843 -1.239131 0.6665 0.8683 0.1153
v 0.310583 0.346410 -1.159111 0.6665 0.8683 0.1153
v 0.285614 0.386370 -1.065926 0.6665 0.8683 0.1153
v 0.258819 0.400000 -0.965926 0.6665 0.8683 0.1153
v 0.232024 0.386370 -0.865926 0.6665 0.8683 0.1153
v 0.207055 0.346410 -0.772741 0.6665 0.8683 0.1153
v 0.185614 0.282843 -0.692721 0.6665 0.8683 0.1153
v 0.169161 0.200000 -0.631319 0.6665 0.8683 0.1153
v 0.158819 0.103528 -0.592721 0.6665 0.8683 0.1153
v 0.155291 0.000000 -0.579555 0.6665 0.8683 0.1153
v 0.158819 -0.103528 -0.592721 0.6665 0.8683 0.1153
v 0.169161 -0.200000 -0.631319 0.6665 0.8683 0.1153
v 0.185614 -0.282843 -0.692721 0.6665 0.8683 0.1153
v 0.207055 -0.346410 -0.772741 0.6665 0.8683 0.1153
v 0.232024 -0.386370 -0.865926 0.6665 0.8683 0.1153
v 0.258819 -0.400000 -0.965926 0.6665 0.8683 0.1153
v 0.285614 -0.386370 -1.065926 0.6665 0.8683 0.1153
v 0.310583 -0.346410 -1.159111 0.6665 0.8683 0.1153
v 0.332024 -0.282843 -1.239131 0.6665 0.8683 0.1153
v 0.348477 -0.200000 -1.300532 0.6665 0.8683 0.1153
v 0.358819 -0.103528 -1.339131 0.6665 0.8683 0.1153
v 0.535757 0.000000 -1.293431 0.7222 0.8241 0.1038
v 0.530541 0.103528 -1.280839 0.7222 0.8241 0.1038
v 0.515249 0.200000 -1.243921 0.7222 0.8241 0.1038
v 0.490923 0.282843 -1.185192 0.7222 0.8241 0.1038
v 0.459220 0.346410 -1.108655 0.7222 0.8241 0.1038
v 0.422302 0.386370 -1.019527 0.7222 0.8241 0.1038
v 0.382683 0.400000 -0.923880 0.7222 0.8241 0.1038
v 0.343065 0.386370 -0.828232 0.7222 0.8241 0.1038
v 0.306147 0.346410 -0.739104 0.7222 0.8241 0.1038
v 0.274444 0.282843 -0.662567 0.7222 0.8241 0.1038
v 0.250118 0.200000 -0.603838 0.7222 0.8241 0.1038
v 0.234826 0.103528 -0.566920 0.7222 0.8241 0.1038
v 0.229610 0.000000 -0.554328 0.7222 0.8241 0.1038
v 0.234826 -0.103528 -0.566920 0.7222 0.8241 0.1038
v 0.250118 -0.200000 -0.603838 0.7222 0.8241 0.1038
v 0.274444 -0.282843 -0.662567 0.7222 0.8241 0.1038
v 0.306147 -0.346410 -0.739104 0.7222 0.8241 0.1038
v 0.343065 -0.386370 -0.828232 0.7222 0.8241 0.1038
v 0.382683 -0.400000 -0.923880 0.7222 0.8241 0.1038
v 0.422302 -0.386370 -1.019527 0.7222 0.8241 0.1038
v 0.459220 -0.346410 -1.108655 0.7222 0.8241 0.1038
v 0.490923 -0.282843 -1.185192 0.7222 0.8241 0.1038
v 0.515249 -0.200000 -1.243921 0.7222 0.8241 0.1038
v 0.530541 -0.103528 -1.280839 0.7222 0.8241 0.1038
v 0.700000 0.000000 -1.212436 0.7750 0.7752 0.1000
v 0.693185 0.103528 -1.200632 0.7750 0.7752 0.1000
v 0.673205 0.200000 -1.166025 0.7750 0.7752 0.1000
v 0.641421 0.282843 -1.110974 0.7750 0.7752 0.1000
v 0.600000 0.346410 -1.039230 0.7750 0.7752 0.1000
v 0.551764 0.386370 -0.955683 0.7750 0.7752 0.1000
v 0.500000 0.400000 -0.866025 0.7750 0.7752 0.1000
v 0.448236 0.386370 -0.776368 0.7750 0.7752 0.1000
v 0.400000 0.346410 -0.692820 0.7750 0.7752 0.1000
v 0.358579 0.282843 -0.621076 0.7750 0.7752 0.1000
v 0.326795 0.200000 -0.566025 0.7750 0.7752 0.1000
v 0.306815 0.103528 -0.531419 0.7750 0.7752 0.1000
v 0.300000 0.000000 -0.519615 0.7750 0.7752 0.1000
v 0.306815 -0.103528 -0.531419 0.7750 0.7752 0.1000
v 0.326795 -0.200000 -0.566025 0.7750 0.7752 0.1000
v 0.358579 -0.282843 -0.621076 0.7750 0.7752 0.1000
v 0.400000 -0.346410 -0.692820 0.7750 0.7752 0.1000
v 0.448236 -0.386370 -0.776368 0.7750 0.7752 0.1000
v 0.500000 -0.400000 -0.866025 0.7750 0.7752 0.1000
v 0.551764 -0.386370 -0.955683 0.7750 0.7752 0.1000
v 0.600000 -0.346410 -1.039230 0.7750 0.7752 0.1000
v 0.641421 -0.282843 -1.110974 0.7750 0.7752 0.1000
v 0.673205 -0.200000 -1.166025 0.7750 0.7752 0.1000
v 0.693185 -0.103528 -1.200632 0.7750 0.7752 0.1000
v 0.852266 0.000000 -1.110695 0.8239 0.7224 0.1039
v 0.843969 0.103528 -1.099882 0.8239 0.7224 0.1039
v 0.819643 0.200000 -1.068179 0.8239 0.7224 0.1039
v 0.780945 0.282843 -1.017748 0.8239 0.7224 0.1039
v 0.730514 0.346410 -0.952024 0.8239 0.7224 0.1039
v 0.671785 0.386370 -0.875487 0.8239 0.7224 0.1039
v 0.608761 0.400000 -0.793353 0.8239 0.7224 0.1039
v 0.545738 0.386370 -0.711219 0.8239 0.7224 0.1039
v 0.487009 0.346410 -0.634683 0.8239 0.7224 0.1039
v 0.436578 0.282843 -0.568959 0.8239 0.7224 0.1039
v 0.397880 0.200000 -0.518528 0.8239 0.7224 0.1039
v 0.373554 0.103528 -0.486825 0.8239 0.7224 0.1039
v 0.365257 0.000000 -0.476012 0.8239 0.7224 0.1039
v 0.373554 -0.103528 -0.486825 0.8239 0.7224 0.1039
v 0.397880 -0.200000 -0.518528 0.8239 0.7224 0.1039
v 0.436578 -0.282843 -0.568959 0.8239 0.7224 0.1039
v 0.487009 -0.346410 -0.634683 0.8239 0.7224 0.1039
v 0.545738 -0.386370 -0.711219 0.8239 0.7224 0.1039
v 0.608761 -0.400000 -0.793353 0.8239 0.7224 0.1039
v 0.671785 -0.386370 -0.875487 0.8239 0.7224 0.1039
v 0.730514 -0.346410 -0.952024 0.8239 0.7224 0.1039
v 0.780945 -0.282843 -1.017748 0.8239 0.7224 0.1039
v 0.819643 -0.200000 -1.068179 0.8239 0.7224 0.1039
v 0.843969 -0.103528 -1.099882 0.8239 0.7224 0.1039
v 0.989949 0.000000 -0.989949 0.8682 0.6666 0.1154
v 0.980312 0.103528 -0.980312 0.8682 0.6666 0.1154
v 0.952056 0.200000 -0.952056 0.8682 0.6666 0.1154
v 0.907107 0.282843 -0.907107 0.8682 0.6666 0.1154
v 0.848528 0.346410 -0.848528 0.8682 0.6666 0.1154
v 0.780312 0.386370 -0.780312 0.8682 0.6666 0.1154
v 0.707107 0.400000 -0.707107 0.8682 0.6666 0.1154
v 0.633902 0.386370 -0.633902 0.8682 0.6666 0.1154
v 0.565685 0.346410 -0.565685 0.8682 0.6666 0.1154
v 0.507107 0.282843 -0.507107 0.8682 0.6666 0.1154
v 0.462158 0.200000 -0.462158 0.8682 0.6666 0.1154
v 0.433902 0.103528 -0.433902 0.8682 0.6666 0.1154
v 0.424264 0.000000 -0.424264 0.8682 0.6666 0.1154
v 0.433902 -0.103528 -0.433902 0.8682 0.6666 0.1154
v 0.462158 -0.200000 -0.462158 0.8682 0.6666 0.1154
v 0.507107 -0.282843 -0.507107 0.8682 0.6666 0.1154
v 0.565685 -0.346410 -0.565685 0.8682 0.6666 0.1154
v 0.633902 -0.386370 -0.633902 0.8682 0.6666 0.1154
v 0.707107 -0.400000 -0.707107 0.8682 0.6666 0.1154
v 0.780312 -0.386370 -0.780312 0.8682 0.6666 0.1154
v 0.848528 -0.346410 -0.848528 0.8682 0.6666 0.1154
v 0.907107 -0.282843 -0.907107 0.8682 0.6666 0.1154
v 0.952056 -0.200000 -0.952056 0.8682 0.6666 0.1154
v 0.980312 -0.103528 -0.980312 0.8682 0.6666 0.1154
v 1.110695 0.000000 -0.852266 0.9070 0.6089 0.1343
v 1.099882 0.103528 -0.843969 0.9070 0.6089 0.1343
v 1.068179 0.200000 -0.819643 0.9070 0.6089 0.1343
v 1.017748 0.282843 -0.780945 0.9070 0.6089 0.1343
v 0.952024 0.346410 -0.730514 0.9070 0.6089 0.1343
v 0.875487 0.386370 -0.671785 0.9070 0.6089 0.1343
v 0.793353 0.400000 -0.608761 0.9070 0.6089 0.1343
v 0.711219 0.386370 -0.545738 0.9070 0.6089 0.1343
v 0.634683 0.346410 -0.487009 0.9070 0.6089 0.1343
v 0.568959 0.282843 -0.436578 0.9070 0.6089 0.1343
v 0.518528 0.200000 -0.397880 0.9070 0.6089 0.1343
v 0.486825 0.103528 -0.373554 0.9070 0.6089 0.1343
v 0.476012 0.000000 -0.365257 0.9070 0.6089 0.1343
v 0.486825 -0.103528 -0.373554 0.9070 0.6089 0.1343
v 0.518528 -0.200000 -0.397880 0.9070 0.6089 0.1343
v 0.568959 -0.282843 -0.436578 0.9070 0.6089 0.1343
v 0.634683 -0.346410 -0.487009 0.9070 0.6089 0.1343
v 0.711219 -0.386370 -0.545738 0.9070 0.6089 0.1343
v 0.793353 -0.400000 -0.608761 0.9070 0.6089 0.1343
v 0.875487 -0.386370 -0.671785 0.9070 0.6089 0.1343
v 0.952024 -0.346410 -0.730514 0.9070 0.6089 0.1343
v 1.017748 -0.282843 -0.780945 0.9070 0.6089 0.1343
v 1.068179 -0.200000 -0.819643 0.9070 0.6089 0.1343
v 1.099882 -0.103528 -0.843969 0.9070 0.6089 0.1343
v 1.212436 0.000000 -0.700000 0.9397 0.5502 0.1603
v 1.200632 0.103528 -0.693185 0.9397 0.5502 0.1603
v 1.166025 0.200000 -0.673205 0.9397 0.5502 0.1603
v 1.110974 0.282843 -0.641421 0.9397 0.5502 0.1603
v 1.039230 0.346410 -0.600000 0.9397 0.5502 0.1603
v 0.955683 0.386370 -0.551764 0.9397 0.5502 0.1603
v 0.866025 0.400000 -0.500000 0.9397 0.5502 0.1603
v 0.776368 0.386370 -0.448236 0.9397 0.5502 0.1603
v 0.692820 0.346410 -0.400000 0.9397 0.5502 0.1603
v 0.621076 0.282843 -0.358579 0.9397 0.5502 0.1603
v 0.566025 0.200000 -0.326795 0.9397 0.5502 0.1603
v 0.531419 0.103528 -0.306815 0.9397 0.5502 0.1603
v 0.519615 0.000000 -0.300000 0.9397 0.5502 0.1603
v 0.531419 -0.103528 -0.306815 0.9397 0.5502 0.1603
v 0.566025 -0.200000 -0.326795 0.9397 0.5502 0.1603
v 0.621076 -0.282843 -0.358579 0.9397 0.5502 0.1603
v 0.692820 -0.346410 -0.400000 0.9397 0.5502 0.1603
v 0.776368 -0.386370 -0.448236 0.9397 0.5502 0.1603
v 0.866025 -0.400000 -0.500000 0.9397 0.5502 0.1603
v 0.955683 -0.386370 -0.551764 0.9397 0.5502 0.1603
v 1.039230 -0.346410 -0.600000 0.9397 0.5502 0.1603
v 1.110974 -0.282843 -0.641421 0.9397 0.5502 0.1603
v 1.166025 -0.200000 -0.673205 0.9397 0.5502 0.1603
v 1.200632 -0.103528 -0.693185 0.9397 0.5502 0.1603
v 1.293431 0.000000 -0.535757 0.9657 0.4914 0.1930
v 1.280839 0.103528 -0.530541 0.9657 0.4914 0.1930
v 1.243921 0.200000 -0.515249 0.9657 0.4914 0.1930
v 1.185192 0.282843 -0.490923 0.9657 0.4914 0.1930
v 1.108655 0.346410 -0.459220 0.9657 0.4914 0.1930
v 1.019527 0.386370 -0.422302 0.9657 0.4914 0.1930
v 0.923880 0.400000 -0.382683 0.9657 0.4914 0.1930
v 0.828232 0.386370 -0.343065 0.9657 0.4914 0.1930
v 0.739104 0.346410 -0.306147 0.9657 0.4914 0.1930
v 0.662567 0.282843 -0.274444 0.9657 0.4914 0.1930
v 0.603838 0.200000 -0.250118 0.9657 0.4914 0.1930
v 0.566920 0.103528 -0.234826 0.9657 0.4914 0.1930
v 0.554328 0.000000 -0.229610 0.9657 0.4914 0.1930
v 0.566920 -0.103528 -0.234826 0.9657 0.4914 0.1930
v 0.603838 -0.200000 -0.250118 0.9657 0.4914 0.1930
v 0.662567 -0.282843 -0.274444 0.9657 0.4914 0.1930
v 0.739104 -0.346410 -0.306147 0.9657 0.4914 0.1930
v 0.828232 -0.386370 -0.343065 0.9657 0.4914 0.1930
v 0.923880 -0.400000 -0.382683 0.9657 0.4914 0.1930
v 1.019527 -0.386370 -0.422302 0.9657 0.4914 0.1930
v 1.108655 -0.346410 -0.459220 0.9657 0.4914 0.1930
v 1.185192 -0.282843 -0.490923 0.9657 0.4914 0.1930
v 1.243921 -0.200000 -0.515249 0.9657 0.4914 0.1930
v 1.280839 -0.103528 -0.530541 0.9657 0.4914 0.1930
v 1.352296 0.000000 -0.362347 0.9847 0.4337 0.2319
v 1.339131 0.103528 -0.358819 0.9847 0.4337 0.2319
v 1.300532 0.200000 -0.348477 0.9847 0.4337 0.2319
v 1.239131 0.282843 -0.332024 0.9847 0.4337 0.2319
v 1.159111 0.346410 -0.310583 0.9847 0.4337 0.2319
v 1.065926 0.386370 -0.285614 0.9847 0.4337 0.2319
v 0.965926 0.400000 -0.258819 0.9847 0.4337 0.2319
v 0.865926 0.386370 -0.232024 0.9847 0.4337 0.2319
v 0.772741 0.346410 -0.207055 0.9847 0.4337 0.2319
v 0.692721 0.282843 -0.185614 0.9847 0.4337 0.2319
v 0.631319 0.200000 -0.169161 0.9847 0.4337 0.2319
v 0.592721 0.103528 -0.158819 0.9847 0.4337 0.2319
v 0.579555 0.000000 -0.155291 0.9847 0.4337 0.2319
v 0.592721 -0.103528 -0.158819 0.9847 0.4337 0.2319
v 0.631319 -0.200000 -0.169161 0.9847 0.4337 0.2319
v 0.692721 -0.282843 -0.185614 0.9847 0.4337 0.2319
v 0.772741 -0.346410 -0.207055 0.9847 0.4337 0.2319
v 0.865926 -0.386370 -0.232024 0.9847 0.4337 0.2319
v 0.965926 -0.400000 -0.258819 0.9847 0.4337 0.2319
v 1.065926 -0.386370 -0.285614 0.9847 0.4337 0.2319
v 1.159111 -0.346410 -0.310583 0.9847 0.4337 0.2319
v 1.239131 -0.282843 -0.332024 0.9847 0.4337 0.2319
v 1.300532 -0.200000 -0.348477 0.9847 0.4337 0.2319
v 1.339131 -0.103528 -0.358819 0.9847 0.4337 0.2319
v 1.388023 0.000000 -0.182737 0.9962 0.3780 0.2761
v 1.374510 0.103528 -0.180958 0.9962 0.3780 0.2761
v 1.334891 0.200000 -0.175742 0.9962 0.3780 0.2761
v 1.271868 0.282843 -0.167445 0.9962 0.3780 0.2761
v 1.189734 0.346410 -0.156631 0.9962 0.3780 0.2761
v 1.094087 0.386370 -0.144039 0.9962 0.3780 0.2761
v 0.991445 0.400000 -0.130526 0.9962 0.3780 0.2761
v 0.888803 0.386370 -0.117013 0.9962 0.3780 0.2761
v 0.793156 0.346410 -0.104421 0.9962 0.3780 0.2761
v 0.711022 0.282843 -0.093608 0.9962 0.3780 0.2761
v 0.647998 0.200000 -0.085311 0.9962 0.3780 0.2761
v 0.608380 0.103528 -0.080095 0.9962 0.3780 0.2761
v 0.594867 0.000000 -0.078316 0.9962 0.3780 0.2761
v 0.608380 -0.103528 -0.080095 0.9962 0.3780 0.2761
v 0.647998 -0.200000 -0.085311 0.9962 0.3780 0.2761
v 0.711022 -0.282843 -0.093608 0.9962 0.3780 0.2761
v 0.793156 -0.346410 -0.104421 0.9962 0.3780 0.2761
v 0.888803 -0.386370 -0.117013 0.9962 0.3780 0.2761
v 0.991445 -0.400000 -0.130526 0.9962 0.3780 0.2761
v 1.094087 -0.386370 -0.144039 0.9962 0.3780 0.2761
v 1.189734 -0.346410 -0.156631 0.9962 0.3780 0.2761
v 1.271868 -0.282843 -0.167445 0.9962 0.3780 0.2761
v 1.334891 -0.200000 -0.175742 0.9962 0.3780 0.2761
v 1.374510 -0.103528 -0.180958 0.9962 0.3780 0.2761
vn 1.000000 0.000000 0.000000
vn 0.965926 0.258819 0.000000
vn 0.866025 0.500000 0.000000
vn 0.707107 0.707107 0.000000
vn 0.500000 0.866025 0.000000
vn 0.258819 0.965926 0.000000
vn 0.000000 1.000000 0.000000
vn -0.258819 0.965926 -0.000000
vn -0.500000 0.866025 -0.000000
vn -0.707107 0.707107 -0.000000
vn -0.866025 0.500000 -0.000000
vn -0.965926 0.258819 -0.000000
vn -1.000000 0.000000 -0.000000
vn -0.965926 -0.258819 -0.000000
vn -0.866025 -0.500000 -0.000000
vn -0.707107 -0.707107 -0.000000
vn -0.500000 -0.866025 -0.000000
vn -0.258819 -0.965926 -0.000000
vn -0.000000 -1.000000 -0.000000
vn 0.258819 -0.965926 0.000000
vn 0.500000 -0.866025 0.000000
vn 0.707107 -0.707107 0.000000
vn 0.866025 -0.500000 0.000000
vn 0.965926 -0.258819 0.000000
vn 0.991445 0.000000 0.130526
vn 0.957662 0.258819 0.126079
vn 0.858616 0.500000 0.113039
vn 0.701057 0.707107 0.092296
vn 0.495722 0.866025 0.065263
vn 0.256605 0.965926 0.033783
vn 0.000000 1.000000 0.000000
vn -0.256605 0.965926 -0.033783
vn -0.495722 0.866025 -0.065263
vn -0.701057 0.707107 -0.092296
vn -0.858616 0.500000 -0.113039
vn -0.957662 0.258819 -0.126079
vn -0.991445 0.000000 -0.130526
vn -0.957662 -0.258819 -0.126079
vn -0.858616 -0.500000 -0.113039
vn -0.701057 -0.707107 -0.092296
vn -0.495722 -0.866025 -0.065263
vn -0.256605 -0.965926 -0.033783
vn -0.000000 -1.000000 -0.000000
vn 0.256605 -0.965926 0.033783
vn 0.495722 -0.866025 0.065263
vn 0.701057 -0.707107 0.092296
vn 0.858616 -0.500000 0.113039
vn 0.957662 -0.258819 0.126079
vn 0.965926 0.000000 0.258819
vn 0.933013 0.258819 0.250000
vn 0.836516 0.500000 0.224144
vn 0.683013 0.707107 0.183013
vn 0.482963 0.866025 0.129410
vn 0.250000 0.965926 0.066987
vn 0.000000 1.000000 0.000000
vn -0.250000 0.965926 -0.066987
vn -0.482963 0.866025 -0.129410
vn -0.683013 0.707107 -0.183013
vn -0.836516 0.500000 -0.224144
vn -0.933013 0.258819 -0.250000
vn -0.965926 0.000000 -0.258819
vn -0.933013 -0.258819 -0.250000
vn -0.836516 -0.500000 -0.224144
vn -0.683013 -0.707107 -0.183013
vn -0.482963 -0.866025 -0.129410
vn -0.250000 -0.965926 -0.066987
vn -0.000000 -1.000000 -0.000000
vn 0.250000 -0.965926 0.066987
vn 0.482963 -0.866025 0.129410
vn 0.683013 -0.707107 0.183013
vn 0.836516 -0.500000 0.224144
vn 0.933013 -0.258819 0.250000
vn 0.923880 0.000000 0.382683
vn 0.892399 0.258819 0.369644
vn 0.800103 0.500000 0.331414
vn 0.653281 0.707107 0.270598
vn 0.461940 0.866025 0.191342
vn 0.239118 0.965926 0.099046
vn 0.000000 1.000000 0.000000
vn -0.239118 0.965926 -0.099046
vn -0.461940 0.866025 -0.191342
vn -0.653281 0.707107 -0.270598
vn -0.800103 0.500000 -0.331414
vn -0.892399 0.258819 -0.369644
vn -0.923880 0.000000 -0.382683
vn -0.892399 -0.258819 -0.369644
vn -0.800103 -0.500000 -0.331414
vn -0.653281 -0.707107 -0.270598
vn -0.461940 -0.866025 -0.191342
vn -0.239118 -0.965926 -0.099046
vn -0.000000 -1.000000 -0.000000
vn 0.239118 -0.965926 0.099046
vn 0.461940 -0.866025 0.191342
vn 0.653281 -0.707107 0.270598
vn 0.800103 -0.500000 0.331414
vn 0.892399 -0.258819 0.369644
vn 0.866025 0.000000 0.500000
vn 0.836516 0.258819 0.482963
vn 0.750000 0.500000 0.433013
vn 0.612372 0.707107 0.353553
vn 0.433013 0.866025 0.250000
vn 0.224144 0.965926 0.129410
vn 0.000000 1.000000 0.000000
vn -0.224144 0.965926 -0.129410
vn -0.433013 0.866025 -0.250000
vn -0.612372 0.707107 -0.353553
vn -0.750000 0.500000 -0.433013
vn -0.836516 0.258819 -0.482963
vn -0.866025 0.000000 -0.500000
vn -0.836516 -0.258819 -0.482963
vn -0.750000 -0.500000 -0.433013
vn -0.612372 -0.707107 -0.353553
vn -0.433013 -0.866025 -0.250000
vn -0.224144 -0.965926 -0.129410
vn -0.000000 -1.000000 -0.000000
vn 0.224144 -0.965926 0.129410
vn 0.433013 -0.866025 0.250000
vn 0.612372 -0.707107 0.353553
vn 0.750000 -0.500000 0.433013
vn 0.836516 -0.258819 0.482963
vn 0.793353 0.000000 0.608761
vn 0.766320 0.258819 0.588018
vn 0.687064 0.500000 0.527203
vn 0.560986 0.707107 0.430459
vn 0.396677 0.866025 0.304381
vn 0.205335 0.965926 0.157559
vn 0.000000 1.000000 0.000000
vn -0.205335 0.965926 -0.157559
vn -0.396677 0.866025 -0.304381
vn -0.560986 0.707107 -0.430459
vn -0.687064 0.500000 -0.527203
vn -0.766320 0.258819 -0.588018
vn -0.793353 0.000000 -0.608761
vn -0.766320 -0.258819 -0.588018
vn -0.687064 -0.500000 -0.527203
vn -0.560986 -0.707107 -0.430459
vn -0.396677 -0.866025 -0.304381
vn -0.205335 -0.965926 -0.157559
vn -0.000000 -1.000000 -0.000000
vn 0.205335 -0.965926 0.157559
vn 0.396677 -0.866025 0.304381
vn 0.560986 -0.707107 0.430459
vn 0.687064 -0.500000 0.527203
vn 0.766320 -0.258819 0.588018
vn 0.707107 0.000000 0.707107
vn 0.683013 0.258819 0.683013
vn 0.612372 0.500000 0.612372
vn 0.500000 0.707107 0.500000
vn 0.353553 0.866025 0.353553
vn 0.183013 0.965926 0.183013
vn 0.000000 1.000000 0.000000
vn -0.183013 0.965926 -0.183013
vn -0.353553 0.866025 -0.353553
vn -0.500000 0.707107 -0.500000
vn -0.612372 0.500000 -0.612372
vn -0.683013 0.258819 -0.683013
vn -0.707107 0.000000 -0.707107
vn -0.683013 -0.258819 -0.683013
vn -0.612372 -0.500000 -0.612372
vn -0.500000 -0.707107 -0.500000
vn -0.353553 -0.866025 -0.353553
vn -0.183013 -0.965926 -0.183013
vn -0.000000 -1.000000 -0.000000
vn 0.183013 -0.965926 0.183013
vn 0.353553 -0.866025 0.353553
vn 0.500000 -0.707107 0.500000
vn 0.612372 -0.500000 0.612372
vn 0.683013 -0.258819 0.683013
vn 0.608761 0.000000 0.793353
vn 0.588018 0.258819 0.766320
vn 0.527203 0.500000 0.687064
vn 0.430459 0.707107 0.560986
vn 0.304381 0.866025 0.396677
vn 0.157559 0.965926 0.205335
vn 0.000000 1.000000 0.000000
vn -0.157559 0.965926 -0.205335
vn -0.304381 0.866025 -0.396677
vn -0.430459 0.707107 -0.560986
vn -0.527203 0.500000 -0.687064
vn -0.588018 0.258819 -0.766320
vn -0.608761 0.000000 -0.793353
vn -0.588018 -0.258819 -0.766320
vn -0.527203 -0.500000 -0.687064
vn -0.430459 -0.707107 -0.560986
vn -0.304381 -0.866025 -0.396677
vn -0.157559 -0.965926 -0.205335
vn -0.000000 -1.000000 -0.000000
vn 0.157559 -0.965926 0.205335
vn 0.304381 -0.866025 0.396677
vn 0.430459 -0.707107 0.560986
vn 0.527203 -0.500000 0.687064
vn 0.588018 -0.258819 0.766320
vn 0.500000 0.000000 0.866025
vn 0.482963 0.258819 0.836516
vn 0.433013 0.500000 0.750000
vn 0.353553 0.707107 0.612372
vn 0.250000 0.866025 0.433013
vn 0.129410 0.965926 0.224144
vn 0.000000 1.000000 0.000000
vn -0.129410 0.965926 -0.224144
vn -0.250000 0.866025 -0.433013
vn -0.353553 0.707107 -0.612372
vn -0.433013 0.500000 -0.750000
vn -0.482963 0.258819 -0.836516
vn -0.500000 0.000000 -0.866025
vn -0.482963 -0.258819 -0.836516
vn -0.433013 -0.500000 -0.750000
vn -0.353553 -0.707107 -0.612372
vn -0.250000 -0.866025 -0.433013
vn -0.129410 -0.965926 -0.224144
vn -0.000000 -1.000000 -0.000000
vn 0.129410 -0.965926 0.224144
vn 0.250000 -0.866025 0.433013
vn 0.353553 -0.707107 0.612372
vn 0.433013 -0.500000 0.750000
vn 0.482963 -0.258819 0.836516
vn 0.382683 0.000000 0.923880
vn 0.369644 0.258819 0.892399
vn 0.331414 0.500000 0.800103
vn 0.270598 0.707107 0.653281
vn 0.191342 0.866025 0.461940
vn 0.099046 0.965926 0.239118
vn 0.000000 1.000000 0.000000
vn -0.099046 0.965926 -0.239118
vn -0.191342 0.866025 -0.461940
vn -0.270598 0.707107 -0.653281
vn -0.331414 0.500000 -0.800103
vn -0.369644 0.258819 -0.892399
vn -0.382683 0.000000 -0.923880
vn -0.369644 -0.258819 -0.892399
vn -0.331414 -0.500000 -0.800103
vn -0.270598 -0.707107 -0.653281
vn -0.191342 -0.866025 -0.461940
vn -0.099046 -0.965926 -0.239118
vn -0.000000 -1.000000 -0.000000
vn 0.099046 -0.965926 0.239118
vn 0.191342 -0.866025 0.461940
vn 0.270598 -0.707107 0.653281
vn 0.331414 -0.500000 0.800103
vn 0.369644 -0.258819 0.892399
vn 0.258819 0.000000 0.965926
vn 0.250000 0.258819 0.933013
vn 0.224144 0.500000 0.836516
vn 0.183013 0.707107 0.683013
vn 0.129410 0.866025 0.482963
vn 0.066987 0.965926 0.250000
vn 0.000000 1.000000 0.000000
vn -0.066987 0.965926 -0.250000
vn -0.129410 0.866025 -0.482963
vn -0.183013 0.707107 -0.683013
vn -0.224144 0.500000 -0.836516
vn -0.250000 0.258819 -0.933013
vn -0.258819 0.000000 -0.965926
vn -0.250000 -0.258819 -0.933013
vn -0.224144 -0.500000 -0.836516
vn -0.183013 -0.707107 -0.683013
vn -0.129410 -0.866025 -0.482963
vn -0.066987 -0.965926 -0.250000
vn -0.000000 -1.000000 -0.000000
vn 0.066987 -0.965926 0.250000
vn 0.129410 -0.866025 0.482963
vn 0.183013 -0.707107 0.683013
vn 0.224144 -0.500000 0.836516
vn 0.250000 -0.258819 0.933013
vn 0.130526 0.000000 0.991445
vn 0.126079 0.258819 0.957662
vn 0.113039 0.500000 0.858616
vn 0.092296 0.707107 0.701057
vn 0.065263 0.866025 0.495722
vn 0.033783 0.965926 0.256605
vn 0.000000 1.000000 0.000000
vn -0.033783 0.965926 -0.256605
vn -0.065263 0.866025 -0.495722
vn -0.092296 0.707107 -0.701057
vn -0.113039 0.500000 -0.858616
vn -0.126079 0.258819 -0.957662
vn -0.130526 0.000000 -0.991445
vn -0.126079 -0.258819 -0.957662
vn -0.113039 -0.500000 -0.858616
vn -0.092296 -0.707107 -0.701057
vn -0.065263 -0.866025 -0.495722
vn -0.033783 -0.965926 -0.256605
vn -0.000000 -1.000000 -0.000000
vn 0.033783 -0.965926 0.256605
vn 0.065263 -0.866025 0.495722
vn 0.092296 -0.707107 0.701057
vn 0.113039 -0.500000 0.858616
vn 0.126079 -0.258819 0.957662
vn 0.000000 0.000000 1.000000
vn 0.000000 0.258819 0.965926
vn 0.000000 0.500000 0.866025
vn 0.000000 0.707107 0.707107
vn 0.000000 0.866025 0.500000
vn 0.000000 0.965926 0.258819
vn 0.000000 1.000000 0.000000
vn -0.000000 0.965926 -0.258819
vn -0.000000 0.866025 -0.500000
vn -0.000000 0.707107 -0.707107
vn -0.000000 0.500000 -0.866025
vn -0.000000 0.258819 -0.965926
vn -0.000000 0.000000 -1.000000
vn -0.000000 -0.258819 -0.965926
vn -0.000000 -0.500000 -0.866025
vn -0.000000 -0.707107 -0.707107
vn -0.000000 -0.866025 -0.500000
vn -0.000000 -0.965926 -0.258819
vn -0.000000 -1.000000 -0.000000
vn 0.000000 -0.965926 0.258819
vn 0.000000 -0.866025 0.500000
vn 0.000000 -0.707107 0.707107
vn 0.000000 -0.500000 0.866025
vn 0.000000 -0.258819 0.965926
vn -0.130526 0.000000 0.991445
vn -0.126079 0.258819 0.957662
vn -0.113039 0.500000 0.858616
vn -0.092296 0.707107 0.701057
vn -0.065263 0.866025 0.495722
vn -0.033783 0.965926 0.256605
vn -0.000000 1.000000 0.000000
vn 0.033783 0.965926 -0.256605
vn 0.065263 0.866025 -0.495722
vn 0.092296 0.707107 -0.701057
vn 0.113039 0.500000 -0.858616
vn 0.126079 0.258819 -0.957662
vn 0.130526 0.000000 -0.991445
vn 0.126079 -0.258819 -0.957662
vn 0.113039 -0.500000 -0.858616
vn 0.092296 -0.707107 -0.701057
vn 0.065263 -0.866025 -0.495722
vn 0.033783 -0.965926 -0.256605
vn 0.000000 -1.000000 -0.000000
vn -0.033783 -0.965926 0.256605
vn -0.065263 -0.866025 0.495722
vn -0.092296 -0.707107 0.701057
vn -0.113039 -0.500000 0.858616
vn -0.126079 -0.258819 0.957662
vn -0.258819 0.000000 0.965926
vn -0.250000 0.258819 0.933013
vn -0.224144 0.500000 0.836516
vn -0.183013 0.707107 0.683013
vn -0.129410 0.866025 0.482963
vn -0.066987 0.965926 0.250000
vn -0.000000 1.000000 0.000000
vn 0.066987 0.965926 -0.250000
vn 0.129410 0.866025 -0.482963
vn 0.183013 0.707107 -0.683013
vn 0.224144 0.500000 -0.836516
vn 0.250000 0.258819 -0.933013
vn 0.258819 0.000000 -0.965926
vn 0.250000 -0.258819 -0.933013
vn 0.224144 -0.500000 -0.836516
vn 0.183013 -0.707107 -0.683013
vn 0.129410 -0.866025 -0.482963
vn 0.066987 -0.965926 -0.250000
vn 0.000000 -1.000000 -0.000000
vn -0.066987 -0.965926 0.250000
vn -0.129410 -0.866025 0.482963
vn -0.183013 -0.707107 0.683013
vn -0.224144 -0.500000 0.836516
vn -0.250000 -0.258819 0.933013
vn -0.382683 0.000000 0.923880
vn -0.369644 0.258819 0.892399
vn -0.331414 0.500000 0.800103
vn -0.270598 0.707107 0.653281
vn -0.191342 0.866025 0.461940
vn -0.099046 0.965926 0.239118
vn -0.000000 1.000000 0.000000
vn 0.099046 0.965926 -0.239118
vn 0.191342 0.866025 -0.461940
vn 0.270598 0.707107 -0.653281
vn 0.331414 0.500000 -0.800103
vn 0.369644 0.258819 -0.892399
vn 0.382683 0.000000 -0.923880
vn 0.369644 -0.258819 -0.892399
vn 0.331414 -0.500000 -0.800103
vn 0.270598 -0.707107 -0.653281
vn 0.191342 -0.866025 -0.461940
vn 0.099046 -0.965926 -0.239118
vn 0.000000 -1.000000 -0.000000
vn -0.099046 -0.965926 0.239118
vn -0.191342 -0.866025 0.461940
vn -0.270598 -0.707107 0.653281
vn -0.331414 -0.500000 0.800103
vn -0.369644 -0.258819 0.892399
vn -0.500000 0.000000 0.866025
vn -0.482963 0.258819 0.836516
vn -0.433013 0.500000 0.750000
vn -0.353553 0.707107 0.612372
vn -0.250000 0.866025 0.433013
vn -0.129410 0.965926 0.224144
vn -0.000000 1.000000 0.000000
vn 0.129410 0.965926 -0.224144
vn 0.250000 0.866025 -0.433013
vn 0.353553 0.707107 -0.612372
vn 0.433013 0.500000 -0.750000
vn 0.482963 0.258819 -0.836516
vn 0.500000 0.000000 -0.866025
vn 0.482963 -0.258819 -0.836516
vn 0.433013 -0.500000 -0.750000
vn 0.353553 -0.707107 -0.612372
vn 0.250000 -0.866025 -0.433013
vn 0.129410 -0.965926 -0.224144
vn 0.000000 -1.000000 -0.000000
vn -0.129410 -0.965926 0.224144
vn -0.250000 -0.866025 0.433013
vn -0.353553 -0.707107 0.612372
vn -0.433013 -0.500000 0.750000
vn -0.482963 -0.258819 0.836516
vn -0.608761 0.000000 0.793353
vn -0.588018 0.258819 0.766320
vn -0.527203 0.500000 0.687064
vn -0.430459 0.707107 0.560986
vn -0.304381 0.866025 0.396677
vn -0.157559 0.965926 0.205335
vn -0.000000 1.000000 0.000000
vn 0.157559 0.965926 -0.205335
vn 0.304381 0.866025 -0.396677
vn 0.430459 0.707107 -0.560986
vn 0.527203 0.500000 -0.687064
vn 0.588018 0.258819 -0.766320
vn 0.608761 0.000000 -0.793353
vn 0.588018 -0.258819 -0.766320
vn 0.527203 -0.500000 -0.687064
vn 0.430459 -0.707107 -0.560986
vn 0.304381 -0.866025 -0.396677
vn 0.157559 -0.965926 -0.205335
vn 0.000000 -1.000000 -0.000000
vn -0.157559 -0.965926 0.205335
vn -0.304381 -0.866025 0.396677
vn -0.430459 -0.707107 0.560986
vn -0.527203 -0.500000 0.687064
vn -0.588018 -0.258819 0.766320
vn -0.707107 0.000000 0.707107
vn -0.683013 0.258819 0.683013
vn -0.612372 0.500000 0.612372
vn -0.500000 0.707107 0.500000
vn -0.353553 0.866025 0.353553
vn -0.183013 0.965926 0.183013
vn -0.000000 1.000000 0.000000
vn 0.183013 0.965926 -0.183013
vn 0.353553 0.866025 -0.353553
vn 0.500000 0.707107 -0.500000
vn 0.612372 0.500000 -0.612372
vn 0.683013 0.258819 -0.683013
vn 0.707107 0.000000 -0.707107
vn 0.683013 -0.258819 -0.683013
vn 0.612372 -0.500000 -0.612372
vn 0.500000 -0.707107 -0.500000
vn 0.353553 -0.866025 -0.353553
vn 0.183013 -0.965926 -0.183013
vn 0.000000 -1.000000 -0.000000
vn -0.183013 -0.965926 0.183013
vn -0.353553 -0.866025 0.353553
vn -0.500000 -0.707107 0.500000
vn -0.612372 -0.500000 0.612372
vn -0.683013 -0.258819 0.683013
vn -0.793353 0.000000 0.608761
vn -0.766320 0.258819 0.588018
vn -0.687064 0.500000 0.527203
vn -0.560986 0.707107 0.430459
vn -0.396677 0.866025 0.304381
vn -0.205335 0.965926 0.157559
vn -0.000000 1.000000 0.000000
vn 0.205335 0.965926 -0.157559
vn 0.396677 0.866025 -0.304381
vn 0.560986 0.707107 -0.430459
vn 0.687064 0.500000 -0.527203
vn 0.766320 0.258819 -0.588018
vn 0.793353 0.000000 -0.608761
vn 0.766320 -0.258819 -0.588018
vn 0.687064 -0.500000 -0.527203
vn 0.560986 -0.707107 -0.430459
vn 0.396677 -0.866025 -0.304381
vn 0.205335 -0.965926 -0.157559
vn 0.000000 -1.000000 -0.000000
vn -0.205335 -0.965926 0.157559
vn -0.396677 -0.866025 0.304381
vn -0.560986 -0.707107 0.430459
vn -0.687064 -0.500000 0.527203
vn -0.766320 -0.258819 0.588018
vn -0.866025 0.000000 0.500000
vn -0.836516 0.258819 0.482963
vn -0.750000 0.500000 0.433013
vn -0.612372 0.707107 0.353553
vn -0.433013 0.866025 0.250000
vn -0.224144 0.965926 0.129410
vn -0.000000 1.000000 0.000000
vn 0.224144 0.965926 -0.129410
vn 0.433013 0.866025 -0.250000
vn 0.612372 0.707107 -0.353553
vn 0.750000 0.500000 -0.433013
vn 0.836516 0.258819 -0.482963
vn 0.866025 0.000000 -0.500000
vn 0.836516 -0.258819 -0.482963
vn 0.750000 -0.500000 -0.433013
vn 0.612372 -0.707107 -0.353553
vn 0.433013 -0.866025 -0.250000
vn 0.224144 -0.965926 -0.129410
vn 0.000000 -1.000000 -0.000000
vn -0.224144 -0.965926 0.129410
vn -0.433013 -0.866025 0.250000
vn -0.612372 -0.707107 0.353553
vn -0.750000 -0.500000 0.433013
vn -0.836516 -0.258819 0.482963
vn -0.923880 0.000000 0.382683
vn -0.892399 0.258819 0.369644
vn -0.800103 0.500000 0.331414
vn -0.653281 0.707107 0.270598
vn -0.461940 0.866025 0.191342
vn -0.239118 0.965926 0.099046
vn -0.000000 1.000000 0.000000
vn 0.239118 0.965926 -0.099046
vn 0.461940 0.866025 -0.191342
vn 0.653281 0.707107 -0.270598
vn 0.800103 0.500000 -0.331414
vn 0.892399 0.258819 -0.369644
vn 0.923880 0.000000 -0.382683
vn 0.892399 -0.258819 -0.369644
vn 0.800103 -0.500000 -0.331414
vn 0.653281 -0.707107 -0.270598
vn 0.461940 -0.866025 -0.191342
vn 0.239118 -0.965926 -0.099046
vn 0.000000 -1.000000 -0.000000
vn -0.239118 -0.965926 0.099046
vn -0.461940 -0.866025 0.191342
vn -0.653281 -0.707107 0.270598
vn -0.800103 -0.500000 0.331414
vn -0.892399 -0.258819 0.369644
vn -0.965926 0.000000 0.258819
vn -0.933013 0.258819 0.250000
vn -0.836516 0.500000 0.224144
vn -0.683013 0.707107 0.183013
vn -0.482963 0.866025 0.129410
vn -0.250000 0.965926 0.066987
vn -0.000000 1.000000 0.000000
vn 0.250000 0.965926 -0.066987
vn 0.482963 0.866025 -0.129410
vn 0.683013 0.707107 -0.183013
vn 0.836516 0.500000 -0.224144
vn 0.933013 0.258819 -0.250000
vn 0.965926 0.000000 -0.258819
vn 0.933013 -0.258819 -0.250000
vn 0.836516 -0.500000 -0.224144
vn 0.683013 -0.707107 -0.183013
vn 0.482963 -0.866025 -0.129410
vn 0.250000 -0.965926 -0.066987
vn 0.000000 -1.000000 -0.000000
vn -0.250000 -0.965926 0.066987
vn -0.482963 -0.866025 0.129410
vn -0.683013 -0.707107 0.183013
vn -0.836516 -0.500000 0.224144
vn -0.933013 -0.258819 0.250000
vn -0.991445 0.000000 0.130526
vn -0.957662 0.258819 0.126079
vn -0.858616 0.500000 0.113039
vn -0.701057 0.707107 0.092296
vn -0.495722 0.866025 0.065263
vn -0.256605 0.965926 0.033783
vn -0.000000 1.000000 0.000000
vn 0.256605 0.965926 -0.033783
vn 0.495722 0.866025 -0.065263
vn 0.701057 0.707107 -0.092296
vn 0.858616 0.500000 -0.113039
vn 0.957662 0.258819 -0.126079
vn 0.991445 0.000000 -0.130526
vn 0.957662 -0.258819 -0.126079
vn 0.858616 -0.500000 -0.113039
vn 0.701057 -0.707107 -0.092296
vn 0.495722 -0.866025 -0.065263
vn 0.256605 -0.965926 -0.033783
vn 0.000000 -1.000000 -0.000000
vn -0.256605 -0.965926 0.033783
vn -0.495722 -0.866025 0.065263
vn -0.701057 -0.707107 0.092296
vn -0.858616 -0.500000 0.113039
vn -0.957662 -0.258819 0.126079
vn -1.000000 0.000000 0.000000
vn -0.965926 0.258819 0.000000
vn -0.866025 0.500000 0.000000
vn -0.707107 0.707107 0.000000
vn -0.500000 0.866025 0.000000
vn -0.258819 0.965926 0.000000
vn -0.000000 1.000000 0.000000
vn 0.258819 0.965926 -0.000000
vn 0.500000 0.866025 -0.000000
vn 0.707107 0.707107 -0.000000
vn 0.866025 0.500000 -0.000000
vn 0.965926 0.258819 -0.000000
vn 1.000000 0.000000 -0.000000
vn 0.965926 -0.258819 -0.000000
vn 0.866025 -0.500000 -0.000000
vn 0.707107 -0.707107 -0.000000
vn 0.500000 -0.866025 -0.000000
vn 0.258819 -0.965926 -0.000000
vn 0.000000 -1.000000 -0.000000
vn -0.258819 -0.965926 0.000000
vn -0.500000 -0.866025 0.000000
vn -0.707107 -0.707107 0.000000
vn -0.866025 -0.500000 0.000000
vn -0.965926 -0.258819 0.000000
vn -0.991445 0.000000 -0.130526
vn -0.957662 0.258819 -0.126079
vn -0.858616 0.500000 -0.113039
vn -0.701057 0.707107 -0.092296
vn -0.495722 0.866025 -0.065263
vn -0.256605 0.965926 -0.033783
vn -0.000000 1.000000 -0.000000
vn 0.256605 0.965926 0.033783
vn 0.495722 0.866025 0.065263
vn 0.701057 0.707107 0.092296
vn 0.858616 0.500000 0.113039
vn 0.957662 0.258819 0.126079
vn 0.991445 0.000000 0.130526
vn 0.957662 -0.258819 0.126079
vn 0.858616 -0.500000 0.113039
vn 0.701057 -0.707107 0.092296
vn 0.495722 -0.866025 0.065263
vn 0.256605 -0.965926 0.033783
vn 0.000000 -1.000000 0.000000
vn -0.256605 -0.965926 -0.033783
vn -0.495722 -0.866025 -0.065263
vn -0.701057 -0.707107 -0.092296
vn -0.858616 -0.500000 -0.113039
vn -0.957662 -0.258819 -0.126079
vn -0.965926 0.000000 -0.258819
vn -0.933013 0.258819 -0.250000
vn -0.836516 0.500000 -0.224144
vn -0.683013 0.707107 -0.183013
vn -0.482963 0.866025 -0.129410
vn -0.250000 0.965926 -0.066987
vn -0.000000 1.000000 -0.000000
vn 0.250000 0.965926 0.066987
vn 0.482963 0.866025 0.129410
vn 0.683013 0.707107 0.183013
vn 0.836516 0.500000 0.224144
vn 0.933013 0.258819 0.250000
vn 0.965926 0.000000 0.258819
vn 0.933013 -0.258819 0.250000
vn 0.836516 -0.500000 0.224144
vn 0.683013 -0.707107 0.183013
vn 0.482963 -0.866025 0.129410
vn 0.250000 -0.965926 0.066987
vn 0.000000 -1.000000 0.000000
vn -0.250000 -0.965926 -0.066987
vn -0.482963 -0.866025 -0.129410
vn -0.683013 -0.707107 -0.183013
vn -0.836516 -0.500000 -0.224144
vn -0.933013 -0.258819 -0.250000
vn -0.923880 0.000000 -0.382683
vn -0.892399 0.258819 -0.369644
vn -0.800103 0.500000 -0.331414
vn -0.653281 0.707107 -0.270598
vn -0.461940 0.866025 -0.191342
vn -0.239118 0.965926 -0.099046
vn -0.000000 1.000000 -0.000000
vn 0.239118 0.965926 0.099046
vn 0.461940 0.866025 0.191342
vn 0.653281 0.707107 0.270598
vn 0.800103 0.500000 0.331414
vn 0.892399 0.258819 0.369644
vn 0.923880 0.000000 0.382683
vn 0.892399 -0.258819 0.369644
vn 0.800103 -0.500000 0.331414
vn 0.653281 -0.707107 0.270598
vn 0.461940 -0.866025 0.191342
vn 0.239118 -0.965926 0.099046
vn 0.000000 -1.000000 0.000000
vn -0.239118 -0.965926 -0.099046
vn -0.461940 -0.866025 -0.191342
vn -0.653281 -0.707107 -0.270598
vn -0.800103 -0.500000 -0.331414
vn -0.892399 -0.258819 -0.369644
vn -0.866025 0.000000 -0.500000
vn -0.836516 0.258819 -0.482963
vn -0.750000 0.500000 -0.433013
vn -0.612372 0.707107 -0.353553
vn -0.433013 0.866025 -0.250000
vn -0.224144 0.965926 -0.129410
vn -0.000000 1.000000 -0.000000
vn 0.224144 0.965926 0.129410
vn 0.433013 0.866025 0.250000
vn 0.612372 0.707107 0.353553
vn 0.750000 0.500000 0.433013
vn 0.836516 0.258819 0.482963
vn 0.866025 0.000000 0.500000
vn 0.836516 -0.258819 0.482963
vn 0.750000 -0.500000 0.433013
vn 0.612372 -0.707107 0.353553
vn 0.433013 -0.866025 0.250000
vn 0.224144 -0.965926 0.129410
vn 0.000000 -1.000000 0.000000
vn -0.224144 -0.965926 -0.129410
vn -0.433013 -0.866025 -0.250000
vn -0.612372 -0.707107 -0.353553
vn -0.750000 -0.500000 -0.433013
vn -0.836516 -0.258819 -0.482963
vn -0.793353 0.000000 -0.608761
vn -0.766320 0.258819 -0.588018
vn -0.687064 0.500000 -0.527203
vn -0.560986 0.707107 -0.430459
vn -0.396677 0.866025 -0.304381
vn -0.205335 0.965926 -0.157559
vn -0.000000 1.000000 -0.000000
vn 0.205335 0.965926 0.157559
vn 0.396677 0.866025 0.304381
vn 0.560986 0.707107 0.430459
vn 0.687064 0.500000 0.527203
vn 0.766320 0.258819 0.588018
vn 0.793353 0.000000 0.608761
vn 0.766320 -0.258819 0.588018
vn 0.687064 -0.500000 0.527203
vn 0.560986 -0.707107 0.430459
vn 0.396677 -0.866025 0.304381
vn 0.205335 -0.965926 0.157559
vn 0.000000 -1.000000 0.000000
vn -0.205335 -0.965926 -0.157559
vn -0.396677 -0.866025 -0.304381
vn -0.560986 -0.707107 -0.430459
vn -0.687064 -0.500000 -0.527203
vn -0.766320 -0.258819 -0.588018
vn -0.707107 0.000000 -0.707107
vn -0.683013 0.258819 -0.683013
vn -0.612372 0.500000 -0.612372
vn -0.500000 0.707107 -0.500000
vn -0.353553 0.866025 -0.353553
vn -0.183013 0.965926 -0.183013
vn -0.000000 1.000000 -0.000000
vn 0.183013 0.965926 0.183013
vn 0.353553 0.866025 0.353553
vn 0.500000 0.707107 0.500000
vn 0.612372 0.500000 0.612372
vn 0.683013 0.258819 0.683013
vn 0.707107 0.000000 0.707107
vn 0.683013 -0.258819 0.683013
vn 0.612372 -0.500000 0.612372
vn 0.500000 -0.707107 0.500000
vn 0.353553 -0.866025 0.353553
vn 0.183013 -0.965926 0.183013
vn 0.000000 -1.000000 0.000000
vn -0.183013 -0.965926 -0.183013
vn -0.353553 -0.866025 -0.353553
vn -0.500000 -0.707107 -0.500000
vn -0.612372 -0.500000 -0.612372
vn -0.683013 -0.258819 -0.683013
vn -0.608761 0.000000 -0.793353
vn -0.588018 0.258819 -0.766320
vn -0.527203 0.500000 -0.687064
vn -0.430459 0.707107 -0.560986
vn -0.304381 0.866025 -0.396677
vn -0.157559 0.965926 -0.205335
vn -0.000000 1.000000 -0.000000
vn 0.157559 0.965926 0.205335
vn 0.304381 0.866025 0.396677
vn 0.430459 0.707107 0.560986
vn 0.527203 0.500000 0.687064
vn 0.588018 0.258819 0.766320
vn 0.608761 0.000000 0.793353
vn 0.588018 -0.258819 0.766320
vn 0.527203 -0.500000 0.687064
vn 0.430459 -0.707107 0.560986
vn 0.304381 -0.866025 0.396677
vn 0.157559 -0.965926 0.205335
vn 0.000000 -1.000000 0.000000
vn -0.157559 -0.965926 -0.205335
vn -0.304381 -0.866025 -0.396677
vn -0.430459 -0.707107 -0.560986
vn -0.527203 -0.500000 -0.687064
vn -0.588018 -0.258819 -0.766320
vn -0.500000 0.000000 -0.866025
vn -0.482963 0.258819 -0.836516
vn -0.433013 0.500000 -0.750000
vn -0.353553 0.707107 -0.612372
vn -0.250000 0.866025 -0.433013
vn -0.129410 0.965926 -0.224144
vn -0.000000 1.000000 -0.000000
vn 0.129410 0.965926 0.224144
vn 0.250000 0.866025 0.433013
vn 0.353553 0.707107 0.612372
vn 0.433013 0.500000 0.750000
vn 0.482963 0.258819 0.836516
vn 0.500000 0.000000 0.866025
vn 0.482963 -0.258819 0.836516
vn 0.433013 -0.500000 0.750000
vn 0.353553 -0.707107 0.612372
vn 0.250000 -0.866025 0.433013
vn 0.129410 -0.965926 0.224144
vn 0.000000 -1.000000 0.000000
vn -0.129410 -0.965926 -0.224144
vn -0.250000 -0.866025 -0.433013
vn -0.353553 -0.707107 -0.612372
vn -0.433013 -0.500000 -0.750000
vn -0.482963 -0.258819 -0.836516
vn -0.382683 0.000000 -0.923880
vn -0.369644 0.258819 -0.892399
vn -0.331414 0.500000 -0.800103
vn -0.270598 0.707107 -0.653281
vn -0.191342 0.866025 -0.461940
vn -0.099046 0.965926 -0.239118
vn -0.000000 1.000000 -0.000000
vn 0.099046 0.965926 0.239118
vn 0.191342 0.866025 0.461940
vn 0.270598 0.707107 0.653281
vn 0.331414 0.500000 0.800103
vn 0.369644 0.258819 0.892399
vn 0.382683 0.000000 0.923880
vn 0.369644 -0.258819 0.892399
vn 0.331414 -0.500000 0.800103
vn 0.270598 -0.707107 0.653281
vn 0.191342 -0.866025 0.461940
vn 0.099046 -0.965926 0.239118
vn 0.000000 -1.000000 0.000000
vn -0.099046 -0.965926 -0.239118
vn -0.191342 -0.866025 -0.461940
vn -0.270598 -0.707107 -0.653281
vn -0.331414 -0.500000 -0.800103
vn -0.369644 -0.258819 -0.892399
vn -0.258819 0.000000 -0.965926
vn -0.250000 0.258819 -0.933013
vn -0.224144 0.500000 -0.836516
vn -0.183013 0.707107 -0.683013
vn -0.129410 0.866025 -0.482963
vn -0.066987 0.965926 -0.250000
vn -0.000000 1.000000 -0.000000
vn 0.066987 0.965926 0.250000
vn 0.129410 0.866025 0.482963
vn 0.183013 0.707107 0.683013
vn 0.224144 0.500000 0.836516
vn 0.250000 0.258819 0.933013
vn 0.258819 0.000000 0.965926
vn 0.250000 -0.258819 0.933013
vn 0.224144 -0.500000 0.836516
vn 0.183013 -0.707107 0.683013
vn 0.129410 -0.866025 0.482963
vn 0.066987 -0.965926 0.250000
vn 0.000000 -1.000000 0.000000
vn -0.066987 -0.965926 -0.250000
vn -0.129410 -0.866025 -0.482963
vn -0.183013 -0.707107 -0.683013
vn -0.224144 -0.500000 -0.836516
vn -0.250000 -0.258819 -0.933013
vn -0.130526 0.000000 -0.991445
vn -0.126079 0.258819 -0.957662
vn -0.113039 0.500000 -0.858616
vn -0.092296 0.707107 -0.701057
vn -0.065263 0.866025 -0.495722
vn -0.033783 0.965926 -0.256605
vn -0.000000 1.000000 -0.000000
vn 0.033783 0.965926 0.256605
vn 0.065263 0.866025 0.495722
vn 0.092296 0.707107 0.701057
vn 0.113039 0.500000 0.858616
vn 0.126079 0.258819 0.957662
vn 0.130526 0.000000 0.991445
vn 0.126079 -0.258819 0.957662
vn 0.113039 -0.500000 0.858616
vn 0.092296 -0.707107 0.701057
vn 0.065263 -0.866025 0.495722
vn 0.033783 -0.965926 0.256605
vn 0.000000 -1.000000 0.000000
vn -0.033783 -0.965926 -0.256605
vn -0.065263 -0.866025 -0.495722
vn -0.092296 -0.707107 -0.701057
vn -0.113039 -0.500000 -0.858616
vn -0.126079 -0.258819 -0.957662
vn -0.000000 0.000000 -1.000000
vn -0.000000 0.258819 -0.965926
vn -0.000000 0.500000 -0.866025
vn -0.000000 0.707107 -0.707107
vn -0.000000 0.866025 -0.500000
vn -0.000000 0.965926 -0.258819
vn -0.000000 1.000000 -0.000000
vn 0.000000 0.965926 0.258819
vn 0.000000 0.866025 0.500000
vn 0.000000 0.707107 0.707107
vn 0.000000 0.500000 0.866025
vn 0.000000 0.258819 0.965926
vn 0.000000 0.000000 1.000000
vn 0.000000 -0.258819 0.965926
vn 0.000000 -0.500000 0.866025
vn 0.000000 -0.707107 0.707107
vn 0.000000 -0.866025 0.500000
vn 0.000000 -0.965926 0.258819
vn 0.000000 -1.000000 0.000000
vn -0.000000 -0.965926 -0.258819
vn -0.000000 -0.866025 -0.500000
vn -0.000000 -0.707107 -0.707107
vn -0.000000 -0.500000 -0.866025
vn -0.000000 -0.258819 -0.965926
vn 0.130526 0.000000 -0.991445
vn 0.126079 0.258819 -0.957662
vn 0.113039 0.500000 -0.858616
vn 0.092296 0.707107 -0.701057
vn 0.065263 0.866025 -0.495722
vn 0.033783 0.965926 -0.256605
vn 0.000000 1.000000 -0.000000
vn -0.033783 0.965926 0.256605
vn -0.065263 0.866025 0.495722
vn -0.092296 0.707107 0.701057
vn -0.113039 0.500000 0.858616
vn -0.126079 0.258819 0.957662
vn -0.130526 0.000000 0.991445
vn -0.126079 -0.258819 0.957662
vn -0.113039 -0.500000 0.858616
vn -0.092296 -0.707107 0.701057
vn -0.065263 -0.866025 0.495722
vn -0.033783 -0.965926 0.256605
vn -0.000000 -1.000000 0.000000
vn 0.033783 -0.965926 -0.256605
vn 0.065263 -0.866025 -0.495722
vn 0.092296 -0.707107 -0.701057
vn 0.113039 -0.500000 -0.858616
vn 0.126079 -0.258819 -0.957662
vn 0.258819 0.000000 -0.965926
vn 0.250000 0.258819 -0.933013
vn 0.224144 0.500000 -0.836516
vn 0.183013 0.707107 -0.683013
vn 0.129410 0.866025 -0.482963
vn 0.066987 0.965926 -0.250000
vn 0.000000 1.000000 -0.000000
vn -0.066987 0.965926 0.250000
vn -0.129410 0.866025 0.482963
vn -0.183013 0.707107 0.683013
vn -0.224144 0.500000 0.836516
vn -0.250000 0.258819 0.933013
vn -0.258819 0.000000 0.965926
vn -0.250000 -0.258819 0.933013
vn -0.224144 -0.500000 0.836516
vn -0.183013 -0.707107 0.683013
vn -0.129410 -0.866025 0.482963
vn -0.066987 -0.965926 0.250000
vn -0.000000 -1.000000 0.000000
vn 0.066987 -0.965926 -0.250000
vn 0.129410 -0.866025 -0.482963
vn 0.183013 -0.707107 -0.683013
vn 0.224144 -0.500000 -0.836516
vn 0.250000 -0.258819 -0.933013
vn 0.382683 0.000000 -0.923880
vn 0.369644 0.258819 -0.892399
vn 0.331414 0.500000 -0.800103
vn 0.270598 0.707107 -0.653281
vn 0.191342 0.866025 -0.461940
vn 0.099046 0.965926 -0.239118
vn 0.000000 1.000000 -0.000000
vn -0.099046 0.965926 0.239118
vn -0.191342 0.866025 0.461940
vn -0.270598 0.707107 0.653281
vn -0.331414 0.500000 0.800103
vn -0.369644 0.258819 0.892399
vn -0.382683 0.000000 0.923880
vn -0.369644 -0.258819 0.892399
vn -0.331414 -0.500000 0.800103
vn -0.270598 -0.707107 0.653281
vn -0.191342 -0.866025 0.461940
vn -0.099046 -0.965926 0.239118
vn -0.000000 -1.000000 0.000000
vn 0.099046 -0.965926 -0.239118
vn 0.191342 -0.866025 -0.461940
vn 0.270598 -0.707107 -0.653281
vn 0.331414 -0.500000 -0.800103
vn 0.369644 -0.258819 -0.892399
vn 0.500000 0.000000 -0.866025
vn 0.482963 0.258819 -0.836516
vn 0.433013 0.500000 -0.750000
vn 0.353553 0.707107 -0.612372
vn 0.250000 0.866025 -0.433013
vn 0.129410 0.965926 -0.224144
vn 0.000000 1.000000 -0.000000
vn -0.129410 0.965926 0.224144
vn -0.250000 0.866025 0.433013
vn -0.353553 0.707107 0.612372
vn -0.433013 0.500000 0.750000
vn -0.482963 0.258819 0.836516
vn -0.500000 0.000000 0.866025
vn -0.482963 -0.258819 0.836516
vn -0.433013 -0.500000 0.750000
vn -0.353553 -0.707107 0.612372
vn -0.250000 -0.866025 0.433013
vn -0.129410 -0.965926 0.224144
vn -0.000000 -1.000000 0.000000
vn 0.129410 -0.965926 -0.224144
vn 0.250000 -0.866025 -0.433013
vn 0.353553 -0.707107 -0.612372
vn 0.433013 -0.500000 -0.750000
vn 0.482963 -0.258819 -0.836516
vn 0.608761 0.000000 -0.793353
vn 0.588018 0.258819 -0.766320
vn 0.527203 0.500000 -0.687064
vn 0.430459 0.707107 -0.560986
vn 0.304381 0.866025 -0.396677
vn 0.157559 0.965926 -0.205335
vn 0.000000 1.000000 -0.000000
vn -0.157559 0.965926 0.205335
vn -0.304381 0.866025 0.396677
vn -0.430459 0.707107 0.560986
vn -0.527203 0.500000 0.687064
vn -0.588018 0.258819 0.766320
vn -0.608761 0.000000 0.793353
vn -0.588018 -0.258819 0.766320
vn -0.527203 -0.500000 0.687064
vn -0.430459 -0.707107 0.560986
vn -0.304381 -0.866025 0.396677
vn -0.157559 -0.965926 0.205335
vn -0.000000 -1.000000 0.000000
vn 0.157559 -0.965926 -0.205335
vn 0.304381 -0.866025 -0.396677
vn 0.430459 -0.707107 -0.560986
vn 0.527203 -0.500000 -0.687064
vn 0.588018 -0.258819 -0.766320
vn 0.707107 0.000000 -0.707107
vn 0.683013 0.258819 -0.683013
vn 0.612372 0.500000 -0.612372
vn 0.500000 0.707107 -0.500000
vn 0.353553 0.866025 -0.353553
vn 0.183013 0.965926 -0.183013
vn 0.000000 1.000000 -0.000000
vn -0.183013 0.965926 0.183013
vn -0.353553 0.866025 0.353553
vn -0.500000 0.707107 0.500000
vn -0.612372 0.500000 0.612372
vn -0.683013 0.258819 0.683013
vn -0.707107 0.000000 0.707107
vn -0.683013 -0.258819 0.683013
vn -0.612372 -0.500000 0.612372
vn -0.500000 -0.707107 0.500000
vn -0.353553 -0.866025 0.353553
vn -0.183013 -0.965926 0.183013
vn -0.000000 -1.000000 0.000000
vn 0.183013 -0.965926 -0.183013
vn 0.353553 -0.866025 -0.353553
vn 0.500000 -0.707107 -0.500000
vn 0.612372 -0.500000 -0.612372
vn 0.683013 -0.258819 -0.683013
vn 0.793353 0.000000 -0.608761
vn 0.766320 0.258819 -0.588018
vn 0.687064 0.500000 -0.527203
vn 0.560986 0.707107 -0.430459
vn 0.396677 0.866025 -0.304381
vn 0.205335 0.965926 -0.157559
vn 0.000000 1.000000 -0.000000
vn -0.205335 0.965926 0.157559
vn -0.396677 0.866025 0.304381
vn -0.560986 0.707107 0.430459
vn -0.687064 0.500000 0.527203
vn -0.766320 0.258819 0.588018
vn -0.793353 0.000000 0.608761
vn -0.766320 -0.258819 0.588018
vn -0.687064 -0.500000 0.527203
vn -0.560986 -0.707107 0.430459
vn -0.396677 -0.866025 0.304381
vn -0.205335 -0.965926 0.157559
vn -0.000000 -1.000000 0.000000
vn 0.205335 -0.965926 -0.157559
vn 0.396677 -0.866025 -0.304381
vn 0.560986 -0.707107 -0.430459
vn 0.687064 -0.500000 -0.527203
vn 0.766320 -0.258819 -0.588018
vn 0.866025 0.000000 -0.500000
vn 0.836516 0.258819 -0.482963
vn 0.750000 0.500000 -0.433013
vn 0.612372 0.707107 -0.353553
vn 0.433013 0.866025 -0.250000
vn 0.224144 0.965926 -0.129410
vn 0.000000 1.000000 -0.000000
vn -0.224144 0.965926 0.129410
vn -0.433013 0.866025 0.250000
vn -0.612372 0.707107 0.353553
vn -0.750000 0.500000 0.433013
vn -0.836516 0.258819 0.482963
vn -0.866025 0.000000 0.500000
vn -0.836516 -0.258819 0.482963
vn -0.750000 -0.500000 0.433013
vn -0.612372 -0.707107 0.353553
vn -0.433013 -0.866025 0.250000
vn -0.224144 -0.965926 0.129410
vn -0.000000 -1.000000 0.000000
vn 0.224144 -0.965926 -0.129410
vn 0.433013 -0.866025 -0.250000
vn 0.612372 -0.707107 -0.353553
vn 0.750000 -0.500000 -0.433013
vn 0.836516 -0.258819 -0.482963
vn 0.923880 0.000000 -0.382683
vn 0.892399 0.258819 -0.369644
vn 0.800103 0.500000 -0.331414
vn 0.653281 0.707107 -0.270598
vn 0.461940 0.866025 -0.191342
vn 0.239118 0.965926 -0.099046
vn 0.000000 1.000000 -0.000000
vn -0.239118 0.965926 0.099046
vn -0.461940 0.866025 0.191342
vn -0.653281 0.707107 0.270598
vn -0.800103 0.500000 0.331414
vn -0.892399 0.258819 0.369644
vn -0.923880 0.000000 0.382683
vn -0.892399 -0.258819 0.369644
vn -0.800103 -0.500000 0.331414
vn -0.653281 -0.707107 0.270598
vn -0.461940 -0.866025 0.191342
vn -0.239118 -0.965926 0.099046
vn -0.000000 -1.000000 0.000000
vn 0.239118 -0.965926 -0.099046
vn 0.461940 -0.866025 -0.191342
vn 0.653281 -0.707107 -0.270598
vn 0.800103 -0.500000 -0.331414
vn 0.892399 -0.258819 -0.369644
vn 0.965926 0.000000 -0.258819
vn 0.933013 0.258819 -0.250000
vn 0.836516 0.500000 -0.224144
vn 0.683013 0.707107 -0.183013
vn 0.482963 0.866025 -0.129410
vn 0.250000 0.965926 -0.066987
vn 0.000000 1.000000 -0.000000
vn -0.250000 0.965926 0.066987
vn -0.482963 0.866025 0.129410
vn -0.683013 0.707107 0.183013
vn -0.836516 0.500000 0.224144
vn -0.933013 0.258819 0.250000
vn -0.965926 0.000000 0.258819
vn -0.933013 -0.258819 0.250000
vn -0.836516 -0.500000 0.224144
vn -0.683013 -0.707107 0.183013
vn -0.482963 -0.866025 0.129410
vn -0.250000 -0.965926 0.066987
vn -0.000000 -1.000000 0.000000
vn 0.250000 -0.965926 -0.066987
vn 0.482963 -0.866025 -0.129410
vn 0.683013 -0.707107 -0.183013
vn 0.836516 -0.500000 -0.224144
vn 0.933013 -0.258819 -0.250000
vn 0.991445 0.000000 -0.130526
vn 0.957662 0.258819 -0.126079
vn 0.858616 0.500000 -0.113039
vn 0.701057 0.707107 -0.092296
vn 0.495722 0.866025 -0.065263
vn 0.256605 0.965926 -0.033783
vn 0.000000 1.000000 -0.000000
vn -0.256605 0.965926 0.033783
vn -0.495722 0.866025 0.065263
vn -0.701057 0.707107 0.092296
vn -0.858616 0.500000 0.113039
vn -0.957662 0.258819 0.126079
vn -0.991445 0.000000 0.130526
vn -0.957662 -0.258819 0.126079
vn -0.858616 -0.500000 0.113039
vn -0.701057 -0.707107 0.092296
vn -0.495722 -0.866025 0.065263
vn -0.256605 -0.965926 0.033783
vn -0.000000 -1.000000 0.000000
vn 0.256605 -0.965926 -0.033783
vn 0.495722 -0.866025 -0.065263
vn 0.701057 -0.707107 -0.092296
vn 0.858616 -0.500000 -0.113039
vn 0.957662 -0.258819 -0.126079
f 2//2 26//26 25//25 1//1
f 3//3 27//27 26//26 2//2
f 4//4 28//28 27//27 3//3
f 5//5 29//29 28//28 4//4
f 6//6 30//30 29//29 5//5
f 7//7 31//31 30//30 6//6
f 8//8 32//32 31//31 7//7
f 9//9 33//33 32//32 8//8
f 10//10 34//34 33//33 9//9
f 11//11 35//35 34//34 10//10
f 12//12 36//36 35//35 11//11
f 13//13 37//37 36//36 12//12
f 14//14 38//38 37//37 13//13
f 15//15 39//39 38//38 14//14
f 16//16 40//40 39//39 15//15
f 17//17 41//41 40//40 16//16
f 18//18 42//42 41//41 17//17
f 19//19 43//43 42//42 18//18
f 20//20 44//44 43//43 19//19
f 21//21 45//45 44//44 20//20
f 22//22 46//46 45//45 21//21
f 23//23 47//47 46//46 22//22
f 24//24 48//48 47//47 23//23
f 1//1 25//25 48//48 24//24
f 26//26 50//50 49//49 25//25
f 27//27 51//51 50//50 26//26
f 28//28 52//52 51//51 27//27
f 29//29 53//53 52//52 28//28
f 30//30 54//54 53//53 29//29
f 31//31 55//55 54//54 30//30
f 32//32 56//56 55//55 31//31
f 33//33 57//57 56//56 32//32
f 34//34 58//58 57//57 33//33
f 35//35 59//59 58//58 34//34
f 36//36 60//60 59//59 35//35
f 37//37 61//61 60//60 36//36
f 38//38 62//62 61//61 37//37
f 39//39 63//63 62//62 38//38
f 40//40 64//64 63//63 39//39
f 41//41 65//65 64//64 40//40
f 42//42 66//66 65//65 41//41
f 43//43 67//67 66//66 42//42
f 44//44 68//68 67//67 43//43
f 45//45 69//69 68//68 44//44
f 46//46 70//70 69//69 45//45
f 47//47 71//71 70//70 46//46
f 48//48 72//72 71//71 47//47
f 25//25 49//49 72//72 48//48
f 50//50 74//74 73//73 49//49
f 51//51 75//75 74//74 50//50
f 52//52 76//76 75//75 51//51
f 53//53 77//77 76//76 52//52
f 54//54 78//78 77//77 53//53
f 55//55 79//79 78//78 54//54
f 56//56 80//80 79//79 55//55
f 57//57 81//81 80//80 56//56
f 58//58 82//82 81//81 57//57
f 59//59 83//83 82//82 58//58
f 60//60 84//84 83//83 59//59
f 61//61 85//85 84//84 60//60
f 62//62 86//86 85//85 61//61
f 63//63 87//87 86//86 62//62
f 64//64 88//88 87//87 63//63
f 65//65 89//89 88//88 64//64
f 66//66 90//90 89//89 65//65
f 67//67 91//91 90//90 66//66
f 68//68 92//92 91//91 67//67
f 69//69 93//93 92//92 68//68
f 70//70 94//94 93//93 69//69
f 71//71 95//95 94//94 70//70
f 72//72 96//96 95//95 71//71
f 49//49 73//73 96//96 72//72
f 74//74 98//98 97//97 73//73
f 75//75 99//99 98//98 74//74
f 76//76 100//100 99//99 75//75
f 77//77 101//101 100//100 76//76
f 78//78 102//102 101//101 77//77
f 79//79 103//103 102//102 78//78
f 80//80 104//104 103//103 79//79
f 81//81 105//105 104//104 80//80
f 82//82 106//106 105//105 81//81
f 83//83 107//107 106//106 82//82
f 84//84 108//108 107//107 83//83
f 85//85 109//109 108//108 84//84
f 86//86 110//110 109//109 85//85
f 87//87 111//111 110//110 86//86
f 88//88 112//112 111//111 87//87
f 89//89 113//113 112//112 88//88
f 90//90 114//114 113//113 89//89
f 91//91 115//115 114//114 90//90
f 92//92 116//116 115//115 91//91
f 93//93 117//117 116//116 92//92
f 94//94 118//118 117//117 93//93
f 95//95 119//119 118//118 94//94
f 96//96 120//120 119//119 95//95
f 73//73 97//97 120//120 96//96
f 98//98 122//122 121//121 97//97
f 99//99 123//123 122//122 98//98
f 100//100 124//124 123//123 99//99
f 101//101 125//125 124//124 100//100
f 102//102 126//126 125//125 101//101
f 103//103 127//127 126//126 102//102
f 104//104 128//128 127//127 103//103
f 105//105 129//129 128//128 104//104
f 106//106 130//130 129//129 105//105
f 107//107 131//131 130//130 106//106
f 108//108 132//132 131//131 107//107
f 109//109 133//133 132//132 108//108
f 110//110 134//134 133//133 109//109
f 111//111 135//135 134//134 110//110
f 112//112 136//136 135//135 111//111
f 113//113 137//137 136//136 112//112
f 114//114 138//138 137//137 113//113
f 115//115 139//139 138//138 114//114
f 116//116 140//140 139//139 115//115
f 117//117 141//141 140//140 116//116
f 118//118 142//142 141//141 117//117
f 119//119 143//143 142//142 118//118
f 120//120 144//144 143//143 119//119
f 97//97 121//121 144//144 120//120
f 122//122 146//146 145//145 121//121
f 123//123 147//147 146//146 122//122
f 124//124 148//148 147//147 123//123
f 125//125 149//149 148//148 124//124
f 126//126 150//150 149//149 125//125
f 127//127 151//151 150//150 126//126
f 128//128 152//152 151//151 127//127
f 129//129 153//153 152//152 128//128
f 130//130 154//154 153//153 129//129
f 131//131 155//155 154//154 130//130
f 132//132 156//156 155//155 131//131
f 133//133 157//157 156//156 132//132
f 134//134 158//158 157//157 133//133
f 135//135 159//159 158//158 134//134
f 136//136 160//160 159//159 135//135
f 137//137 161//161 160//160 136//136
f 138//138 162//162 161//161 137//137
f 139//139 163//163 162//162 138//138
f 140//140 164//164 163//163 139//139
f 141//141 165//165 164//164 140//140
f 142//142 166//166 165//165 141//141
f 143//143 167//167 166//166 142//142
f 144//144 168//168 167//167 143//143
f 121//121 145//145 168//168 144//144
f 146//146 170//170 169//169 145//145
f 147//147 171//171 170//170 146//146
f 148//148 172//172 171//171 147//147
f 149//149 173//173 172//172 148//148
f 150//150 174//174 173//173 149//149
f 151//151 175//175 174//174 150//150
f 152//152 176//176 175//175 151//151
f 153//153 177//177 176//176 152//152
f 154//154 178//178 177//177 153//153
f 155//155 179//179 178//178 154//154
f 156//156 180//180 179//179 155//155
f 157//157 181//181 180//180 156//156
f 158//158 182//182 181//181 157//157
f 159//159 183//183 182//182 158//158
f 160//160 184//184 183//183 159//159
f 161//161 185//185 184//184 160//160
f 162//162 186//186 185//185 161//161
f 163//163 187//187 186//186 162//162
f 164//164 188//188 187//187 163//163
f 165//165 189//189 188//188 164//164
f 166//166 190//190 189//189 165//165
f 167//167 191//191 190//190 166//166
f 168//168 192//192 191//191 167//167
f 145//145 169//169 192//192 168//168
f 170//170 194//194 193//193 169//169
f 171//171 195//195 194//194 170//170
f 172//172 196//196 195//195 171//171
f 173//173 197//197 196//196 172//172
f 174//174 198//198 197//197 173//173
f 175//175 199//199 198//198 174//174
f 176//176 200//200 199//199 175//175
f 177//177 201//201 200//200 176//176
f 178//178 202//202 201//201 177//177
f 179//179 203//203 202//202 178//178
f 180//180 204//204 203//203 179//179
f 181//181 205//205 204//204 180//180
f 182//182 206//206 205//205 181//181
f 183//183 207//207 206//206 182//182
f 184//184 208//208 207//207 183//183
f 185//185 209//209 208//208 184//184
f 186//186 210//210 209//209 185//185
f 187//187 211//211 210//210 186//186
f 188//188 212//212 211//211 187//187
f 189//189 213//213 212//212 188//188
f 190//190 214//214 213//213 189//189
f 191//191 215//215 214//214 190//190
f 192//192 216//216 215//215 191//191
f 169//169 193//193 216//216 192//192
f 194//194 218//218 217//217 193//193
f 195//195 219//219 218//218 194//194
f 196//196 220//220 219//219 195//195
f 197//197 221//221 220//220 196//196
f 198//198 222//222 221//221 197//197
f 199//199 223//223 222//222 198//198
f 200//200 224//224 223//223 199//199
f 201//201 225//225 224//224 200//200
f 202//202 226//226 225//225 201//201
f 203//203 227//227 226//226 202//202
f 204//204 228//228 227//227 203//203
f 205//205 229//229 228//228 204//204
f 206//206 230//230 229//229 205//205
f 207//207 231//231 230//230 206//206
f 208//208 232//232 231//231 207//207
f 209//209 233//233 232//232 208//208
f 210//210 234//234 233//233 209//209
f 211//211 235//235 234//234 210//210
f 212//212 236//236 235//235 211//211
f 213//213 237//237 236//236 212//212
f 214//214 238//238 237//237 213//213
f 215//215 239//239 238//238 214//214
f 216//216 240//240 239//239 215//215
f 193//193 217//217 240//240 216//216
f 218//218 242//242 241//241 217//217
f 219//219 243//243 242//242 218//218
f 220//220 244//244 243//243 219//219
f 221//221 245//245 244//244 220//220
f 222//222 246//246 245//245 221//221
f 223//223 247//247 246//246 222//222
f 224//224 248//248 247//247 223//223
f 225//225 249//249 248//248 224//224
f 226//226 250//250 249//249 225//225
f 227//227 251//251 250//250 226//226
f 228//228 252//252 251//251 227//227
f 229//229 253//253 252//252 228//228
f 230//230 254//254 253//253 229//229
f 231//231 255//255 254//254 230//230
f 232//232 256//256 255//255 231//231
f 233//233 257//257 256//256 232//232
f 234//234 258//258 257//257 233//233
f 235//235 259//259 258//258 234//234
f 236//236 260//260 259//259 235//235
f 237//237 261//261 260//260 236//236
f 238//238 262//262 261//261 237//237
f 239//239 263//263 262//262 238//238
f 240//240 264//264 263//263 239//239
f 217//217 241//241 264//264 240//240
f 242//242 266//266 265//265 241//241
f 243//243 267//267 266//266 242//242
f 244//244 268//268 267//267 243//243
f 245//245 269//269 268//268 244//244
f 246//246 270//270 269//269 245//245
f 247//247 271//271 270//270 246//246
f 248//248 272//272 271//271 247//247
f 249//249 273//273 272//272 248//248
f 250//250 274//274 273//273 249//249
f 251//251 275//275 274//274 250//250
f 252//252 276//276 275//275 251//251
f 253//253 277//277 276//276 252//252
f 254//254 278//278 277//277 253//253
f 255//255 279//279 278//278 254//254
f 256//256 280//280 279//279 255//255
f 257//257 281//281 280//280 256//256
f 258//258 282//282 281//281 257//257
f 259//259 283//283 282//282 258//258
f 260//260 284//284 283//283 259//259
f 261//261 285//285 284//284 260//260
f 262//262 286//286 285//285 261//261
f 263//263 287//287 286//286 262//262
f 264//264 288//288 287//287 263//263
f 241//241 265//265 288//288 264//264
f 266//266 290//290 289//289 265//265
f 267//267 291//291 290//290 266//266
f 268//268 292//292 291//291 267//267
f 269//269 293//293 292//292 268//268
f 270//270 294//294 293//293 269//269
f 271//271 295//295 294//294 270//270
f 272//272 296//296 295//295 271//271
f 273//273 297//297 296//296 272//272
f 274//274 298//298 297//297 273//273
f 275//275 299//299 298//298 274//274
f 276//276 300//300 299//299 275//275
f 277//277 301//301 300//300 276//276
f 278//278 302//302 301//301 277//277
f 279//279 303//303 302//302 278//278
f 280//280 304//304 303//303 279//279
f 281//281 305//305 304//304 280//280
f 282//282 306//306 305//305 281//281
f 283//283 307//307 306//306 282//282
f 284//284 308//308 307//307 283//283
f 285//285 309//309 308//308 284//284
f 286//286 310//310 309//309 285//285
f 287//287 311//311 310//310 286//286
f 288//288 312//312 311//311 287//287
f 265//265 289//289 312//312 288//288
f 290//290 314//314 313//313 289//289
f 291//291 315//315 314//314 290//290
f 292//292 316//316 315//315 291//291
f 293//293 317//317 316//316 292//292
f 294//294 318//318 317//317 293//293
f 295//295 319//319 318//318 294//294
f 296//296 320//320 319//319 295//295
f 297//297 321//321 320//320 296//296
f 298//298 322//322 321//321 297//297
f 299//299 323//323 322//322 298//298
f 300//300 324//324 323//323 299//299
f 301//301 325//325 324//324 300//300
f 302//302 326//326 325//325 301//301
f 303//303 327//327 326//326 302//302
f 304//304 328//328 327//327 303//303
f 305//305 329//329 328//328 304//304
f 306//306 330//330 329//329 305//305
f 307//307 331//331 330//330 306//306
f 308//308 332//332 331//331 307//307
f 309//309 333//333 332//332 308//308
f 310//310 334//334 333//333 309//309
f 311//311 335//335 334//334 310//310
f 312//312 336//336 335//335 311//311
f 289//289 313//313 336//336 312//312
f 314//314 338//338 337//337 313//313
f 315//315 339//339 338//338 314//314
f 316//316 340//340 339//339 315//315
f 317//317 341//341 340//340 316//316
f 318//318 342//342 341//341 317//317
f 319//319 343//343 342//342 318//318
f 320//320 344//344 343//343 319//319
f 321//321 345//345 344//344 320//320
f 322//322 346//346 345//345 321//321
f 323//323 347//347 346//346 322//322
f 324//324 348//348 347//347 323//323
f 325//325 349//349 348//348 324//324
f 326//326 350//350 349//349 325//325
f 327//327 351//351 350//350 326//326
f 328//328 352//352 351//351 327//327
f 329//329 353//353 352//352 328//328
f 330//330 354//354 353//353 329//329
f 331//331 355//355 354//354 330//330
f 332//332 356//356 355//355 331//331
f 333//333 357//357 356//356 332//332
f 334//334 358//358 357//357 333//333
f 335//335 359//359 358//358 334//334
f 336//336 360//360 359//359 335//335
f 313//313 337//337 360//360 336//336
f 338//338 362//362 361//361 337//337
f 339//339 363//363 362//362 338//338
f 340//340 364//364 363//363 339//339
f 341//341 365//365 364//364 340//340
f 342//342 366//366 365//365 341//341
f 343//343 367//367 366//366 342//342
f 344//344 368//368 367//367 343//343
f 345//345 369//369 368//368 344//344
f 346//346 370//370 369//369 345//345
f 347//347 371//371 370//370 346//346
f 348//348 372//372 371//371 347//347
f 349//349 373//373 372//372 348//348
f 350//350 374//374 373//373 349//349
f 351//351 375//375 374//374 350//350
f 352//352 376//376 375//375 351//351
f 353//353 377//377 376//376 352//352
f 354//354 378//378 377//377 353//353
f 355//355 379//379 378//378 354//354
f 356//356 380//380 379//379 355//355
f 357//357 381//381 380//380 356//356
f 358//358 382//382 381//381 357//357
f 359//359 383//383 382//382 358//358
f 360//360 384//384 383//383 359//359
f 337//337 361//361 384//384 360//360
f 362//362 386//386 385//385 361//361
f 363//363 387//387 386//386 362//362
f 364//364 388//388 387//387 363//363
f 365//365 389//389 388//388 364//364
f 366//366 390//390 389//389 365//365
f 367//367 391//391 390//390 366//366
f 368//368 392//392 391//391 367//367
f 369//369 393//393 392//392 368//368
f 370//370 394//394 393//393 369//369
f 371//371 395//395 394//394 370//370
f 372//372 396//396 395//395 371//371
f 373//373 397//397 396//396 372//372
f 374//374 398//398 397//397 373//373
f 375//375 399//399 398//398 374//374
f 376//376 400//400 399//399 375//375
f 377//377 401//401 400//400 376//376
f 378//378 402//402 401//401 377//377
f 379//379 403//403 402//402 378//378
f 380//380 404//404 403//403 379//379
f 381//381 405//405 404//404 380//380
f 382//382 406//406 405//405 381//381
f 383//383 407//407 406//406 382//382
f 384//384 408//408 407//407 383//383
f 361//361 385//385 408//408 384//384
f 386//386 410//410 409//409 385//385
f 387//387 411//411 410//410 386//386
f 388//388 412//412 411//411 387//387
f 389//389 413//413 412//412 388//388
f 390//390 414//414 413//413 389//389
f 391//391 415//415 414//414 390//390
f 392//392 416//416 415//415 391//391
f 393//393 417//417 416//416 392//392
f 394//394 418//418 417//417 393//393
f 395//395 419//419 418//418 394//394
f 396//396 420//420 419//419 395//395
f 397//397 421//421 420//420 396//396
f 398//398 422//422 421//421 397//397
f 399//399 423//423 422//422 398//398
f 400//400 424//424 423//423 399//399
f 401//401 425//425 424//424 400//400
f 402//402 426//426 425//425 401//401
f 403//403 427//427 426//426 402//402
f 404//404 428//428 427//427 403//403
f 405//405 429//429 428//428 404//404
f 406//406 430//430 429//429 405//405
f 407//407 431//431 430//430 406//406
f 408//408 432//432 431//431 407//407
f 385//385 409//409 432//432 408//408
f 410//410 434//434 433//433 409//409
f 411//411 435//435 434//434 410//410
f 412//412 436//436 435//435 411//411
f 413//413 437//437 436//436 412//412
f 414//414 438//438 437//437 413//413
f 415//415 439//439 438//438 414//414
f 416//416 440//440 439//439 415//415
f 417//417 441//441 440//440 416//416
f 418//418 442//442 441//441 417//417
f 419//419 443//443 442//442 418//418
f 420//420 444//444 443//443 419//419
f 421//421 445//445 444//444 420//420
f 422//422 446//446 445//445 421//421
f 423//423 447//447 446//446 422//422
f 424//424 448//448 447//447 423//423
f 425//425 449//449 448//448 424//424
f 426//426 450//450 449//449 425//425
f 427//427 451//451 450//450 426//426
f 428//428 452//452 451//451 427//427
f 429//429 453//453 452//452 428//428
f 430//430 454//454 453//453 429//429
f 431//431 455//455 454//454 430//430
f 432//432 456//456 455//455 431//431
f 409//409 433//433 456//456 432//432
f 434//434 458//458 457//457 433//433
f 435//435 459//459 458//458 434//434
f 436//436 460//460 459//459 435//435
f 437//437 461//461 460//460 436//436
f 438//438 462//462 461//461 437//437
f 439//439 463//463 462//462 438//438
f 440//440 464//464 463//463 439//439
f 441//441 465//465 464//464 440//440
f 442//442 466//466 465//465 441//441
f 443//443 467//467 466//466 442//442
f 444//444 468//468 467//467 443//443
f 445//445 469//469 468//468 444//444
f 446//446 470//470 469//469 445//445
f 447//447 471//471 470//470 446//446
f 448//448 472//472 471//471 447//447
f 449//449 473//473 472//472 448//448
f 450//450 474//474 473//473 449//449
f 451//451 475//475 474//474 450//450
f 452//452 476//476 475//475 451//451
f 453//453 477//477 476//476 452//452
f 454//454 478//478 477//477 453//453
f 455//455 479//479 478//478 454//454
f 456//456 480//480 479//479 455//455
f 433//433 457//457 480//480 456//456
f 458//458 482//482 481//481 457//457
f 459//459 483//483 482//482 458//458
f 460//460 484//484 483//483 459//459
f 461//461 485//485 484//484 460//460
f 462//462 486//486 485//485 461//461
f 463//463 487//487 486//486 462//462
f 464//464 488//488 487//487 463//463
f 465//465 489//489 488//488 464//464
f 466//466 490//490 489//489 465//465
f 467//467 491//491 490//490 466//466
f 468//468 492//492 491//491 467//467
f 469//469 493//493 492//492 468//468
f 470//470 494//494 493//493 469//469
f 471//471 495//495 494//494 470//470
f 472//472 496//496 495//495 471//471
f 473//473 497//497 496//496 472//472
f 474//474 498//498 497//497 473//473
f 475//475 499//499 498//498 474//474
f 476//476 500//500 499//499 475//475
f 477//477 501//501 500//500 476//476
f 478//478 502//502 501//501 477//477
f 479//479 503//503 502//502 478//478
f 480//480 504//504 503//503 479//479
f 457//457 481//481 504//504 480//480
f 482//482 506//506 505//505 481//481
f 483//483 507//507 506//506 482//482
f 484//484 508//508 507//507 483//483
f 485//485 509//509 508//508 484//484
f 486//486 510//510 509//509 485//485
f 487//487 511//511 510//510 486//486
f 488//488 512//512 511//511 487//487
f 489//489 513//513 512//512 488//488
f 490//490 514//514 513//513 489//489
f 491//491 515//515 514//514 490//490
f 492//492 516//516 515//515 491//491
f 493//493 517//517 516//516 492//492
f 494//494 518//518 517//517 493//493
f 495//495 519//519 518//518 494//494
f 496//496 520//520 519//519 495//495
f 497//497 521//521 520//520 496//496
f 498//498 522//522 521//521 497//497
f 499//499 523//523 522//522 498//498
f 500//500 524//524 523//523 499//499
f 501//501 525//525 524//524 500//500
f 502//502 526//526 525//525 501//501
f 503//503 527//527 526//526 502//502
f 504//504 528//528 527//527 503//503
f 481//481 505//505 528//528 504//504
f 506//506 530//530 529//529 505//505
f 507//507 531//531 530//530 506//506
f 508//508 532//532 531//531 507//507
f 509//509 533//533 532//532 508//508
f 510//510 534//534 533//533 509//509
f 511//511 535//535 534//534 510//510
f 512//512 536//536 535//535 511//511
f 513//513 537//537 536//536 512//512
f 514//514 538//538 537//537 513//513
f 515//515 539//539 538//538 514//514
f 516//516 540//540 539//539 515//515
f 517//517 541//541 540//540 516//516
f 518//518 542//542 541//541 517//517
f 519//519 543//543 542//542 518//518
f 520//520 544//544 543//543 519//519
f 521//521 545//545 544//544 520//520
f 522//522 546//546 545//545 521//521
f 523//523 547//547 546//546 522//522
f 524//524 548//548 547//547 523//523
f 525//525 549//549 548//548 524//524
f 526//526 550//550 549//549 525//525
f 527//527 551//551 550//550 526//526
f 528//528 552//552 551//551 527//527
f 505//505 529//529 552//552 528//528
f 530//530 554//554 553//553 529//529
f 531//531 555//555 554//554 530//530
f 532//532 556//556 555//555 531//531
f 533//533 557//557 556//556 532//532
f 534//534 558//558 557//557 533//533
f 535//535 559//559 558//558 534//534
f 536//536 560//560 559//559 535//535
f 537//537 561//561 560//560 536//536
f 538//538 562//562 561//561 537//537
f 539//539 563//563 562//562 538//538
f 540//540 564//564 563//563 539//539
f 541//541 565//565 564//564 540//540
f 542//542 566//566 565//565 541//541
f 543//543 567//567 566//566 542//542
f 544//544 568//568 567//567 543//543
f 545//545 569//569 568//568 544//544
f 546//546 570//570 569//569 545//545
f 547//547 571//571 570//570 546//546
f 548//548 572//572 571//571 547//547
f 549//549 573//573 572//572 548//548
f 550//550 574//574 573//573 549//549
f 551//551 575//575 574//574 550//550
f 552//552 576//576 575//575 551//551
f 529//529 553//553 576//576 552//552
f 554//554 578//578 577//577 553//553
f 555//555 579//579 578//578 554//554
f 556//556 580//580 579//579 555//555
f 557//557 581//581 580//580 556//556
f 558//558 582//582 581//581 557//557
f 559//559 583//583 582//582 558//558
f 560//560 584//584 583//583 559//559
f 561//561 585//585 584//584 560//560
f 562//562 586//586 585//585 561//561
f 563//563 587//587 586//586 562//562
f 564//564 588//588 587//587 563//563
f 565//565 589//589 588//588 564//564
f 566//566 590//590 589//589 565//565
f 567//567 591//591 590//590 566//566
f 568//568 592//592 591//591 567//567
f 569//569 593//593 592//592 568//568
f 570//570 594//594 593//593 569//569
f 571//571 595//595 594//594 570//570
f 572//572 596//596 595//595 571//571
f 573//573 597//597 596//596 572//572
f 574//574 598//598 597//597 573//573
f 575//575 599//599 598//598 574//574
f 576//576 600//600 599//599 575//575
f 553//553 577//577 600//600 576//576
f 578//578 602//602 601//601 577//577
f 579//579 603//603 602//602 578//578
f 580//580 604//604 603//603 579//579
f 581//581 605//605 604//604 580//580
f 582//582 606//606 605//605 581//581
f 583//583 607//607 606//606 582//582
f 584//584 608//608 607//607 583//583
f 585//585 609//609 608//608 584//584
f 586//586 610//610 609//609 585//585
f 587//587 611//611 610//610 586//586
f 588//588 612//612 611//611 587//587
f 589//589 613//613 612//612 588//588
f 590//590 614//614 613//613 589//589
f 591//591 615//615 614//614 590//590
f 592//592 616//616 615//615 591//591
f 593//593 617//617 616//616 592//592
f 594//594 618//618 617//617 593//593
f 595//595 619//619 618//618 594//594
f 596//596 620//620 619//619 595//595
f 597//597 621//621 620//620 596//596
f 598//598 622//622 621//621 597//597
f 599//599 623//623 622//622 598//598
f 600//600 624//624 623//623 599//599
f 577//577 601//601 624//624 600//600
f 602//602 626//626 625//625 601//601
f 603//603 627//627 626//626 602//602
f 604//604 628//628 627//627 603//603
f 605//605 629//629 628//628 604//604
f 606//606 630//630 629//629 605//605
f 607//607 631//631 630//630 606//606
f 608//608 632//632 631//631 607//607
f 609//609 633//633 632//632 608//608
f 610//610 634//634 633//633 609//609
f 611//611 635//635 634//634 610//610
f 612//612 636//636 635//635 611//611
f 613//613 637//637 636//636 612//612
f 614//614 638//638 637//637 613//613
f 615//615 639//639 638//638 614//614
f 616//616 640//640 639//639 615//615
f 617//617 641//641 640//640 616//616
f 618//618 642//642 641//641 617//617
f 619//619 643//643 642//642 618//618
f 620//620 644//644 643//643 619//619
f 621//621 645//645 644//644 620//620
f 622//622 646//646 645//645 621//621
f 623//623 647//647 646//646 622//622
f 624//624 648//648 647//647 623//623
f 601//601 625//625 648//648 624//624
f 626//626 650//650 649//649 625//625
f 627//627 651//651 650//650 626//626
f 628//628 652//652 651//651 627//627
f 629//629 653//653 652//652 628//628
f 630//630 654//654 653//653 629//629
f 631//631 655//655 654//654 630//630
f 632//632 656//656 655//655 631//631
f 633//633 657//657 656//656 632//632
f 634//634 658//658 657//657 633//633
f 635//635 659//659 658//658 634//634
f 636//636 660//660 659//659 635//635
f 637//637 661//661 660//660 636//636
f 638//638 662//662 661//661 637//637
f 639//639 663//663 662//662 638//638
f 640//640 664//664 663//663 639//639
f 641//641 665//665 664//664 640//640
f 642//642 666//666 665//665 641//641
f 643//643 667//667 666//666 642//642
f 644//644 668//668 667//667 643//643
f 645//645 669//669 668//668 644//644
f 646//646 670//670 669//669 645//645
f 647//647 671//671 670//670 646//646
f 648//648 672//672 671//671 647//647
f 625//625 649//649 672//672 648//648
f 650//650 674//674 673//673 649//649
f 651//651 675//675 674//674 650//650
f 652//652 676//676 675//675 651//651
f 653//653 677//677 676//676 652//652
f 654//654 678//678 677//677 653//653
f 655//655 679//679 678//678 654//654
f 656//656 680//680 679//679 655//655
f 657//657 681//681 680//680 656//656
f 658//658 682//682 681//681 657//657
f 659//659 683//683 682//682 658//658
f 660//660 684//684 683//683 659//659
f 661//661 685//685 684//684 660//660
f 662//662 686//686 685//685 661//661
f 663//663 687//687 686//686 662//662
f 664//664 688//688 687//687 663//663
f 665//665 689//689 688//688 664//664
f 666//666 690//690 689//689 665//665
f 667//667 691//691 690//690 666//666
f 668//668 692//692 691//691 667//667
f 669//669 693//693 692//692 668//668
f 670//670 694//694 693//693 669//669
f 671//671 695//695 694//694 670//670
f 672//672 696//696 695//695 671//671
f 649//649 673//673 696//696 672//672
f 674//674 698//698 697//697 673//673
f 675//675 699//699 698//698 674//674
f 676//676 700//700 699//699 675//675
f 677//677 701//701 700//700 676//676
f 678//678 702//702 701//701 677//677
f 679//679 703//703 702//702 678//678
f 680//680 704//704 703//703 679//679
f 681//681 705//705 704//704 680//680
f 682//682 706//706 705//705 681//681
f 683//683 707//707 706//706 682//682
f 684//684 708//708 707//707 683//683
f 685//685 709//709 708//708 684//684
f 686//686 710//710 709//709 685//685
f 687//687 711//711 710//710 686//686
f 688//688 712//712 711//711 687//687
f 689//689 713//713 712//712 688//688
f 690//690 714//714 713//713 689//689
f 691//691 715//715 714//714 690//690
f 692//692 716//716 715//715 691//691
f 693//693 717//717 716//716 692//692
f 694//694 718//718 717//717 693//693
f 695//695 719//719 718//718 694//694
f 696//696 720//720 719//719 695//695
f 673//673 697//697 720//720 696//696
f 698//698 722//722 721//721 697//697
f 699//699 723//723 722//722 698//698
f 700//700 724//724 723//723 699//699
f 701//701 725//725 724//724 700//700
f 702//702 726//726 725//725 701//701
f 703//703 727//727 726//726 702//702
f 704//704 728//728 727//727 703//703
f 705//705 729//729 728//728 704//704
f 706//706 730//730 729//729 705//705
f 707//707 731//731 730//730 706//706
f 708//708 732//732 731//731 707//707
f 709//709 733//733 732//732 708//708
f 710//710 734//734 733//733 709//709
f 711//711 735//735 734//734 710//710
f 712//712 736//736 735//735 711//711
f 713//713 737//737 736//736 712//712
f 714//714 738//738 737//737 713//713
f 715//715 739//739 738//738 714//714
f 716//716 740//740 739//739 715//715
f 717//717 741//741 740//740 716//716
f 718//718 742//742 741//741 717//717
f 719//719 743//743 742//742 718//718
f 720//720 744//744 743//743 719//719
f 697//697 721//721 744//744 720//720
f 722//722 746//746 745//745 721//721
f 723//723 747//747 746//746 722//722
f 724//724 748//748 747//747 723//723
f 725//725 749//749 748//748 724//724
f 726//726 750//750 749//749 725//725
f 727//727 751//751 750//750 726//726
f 728//728 752//752 751//751 727//727
f 729//729 753//753 752//752 728//728
f 730//730 754//754 753//753 729//729
f 731//731 755//755 754//754 730//730
f 732//732 756//756 755//755 731//731
f 733//733 757//757 756//756 732//732
f 734//734 758//758 757//757 733//733
f 735//735 759//759 758//758 734//734
f 736//736 760//760 759//759 735//735
f 737//737 761//761 760//760 736//736
f 738//738 762//762 761//761 737//737
f 739//739 763//763 762//762 738//738
f 740//740 764//764 763//763 739//739
f 741//741 765//765 764//764 740//740
f 742//742 766//766 765//765 741//741
f 743//743 767//767 766//766 742//742
f 744//744 768//768 767//767 743//743
f 721//721 745//745 768//768 744//744
f 746//746 770//770 769//769 745//745
f 747//747 771//771 770//770 746//746
f 748//748 772//772 771//771 747//747
f 749//749 773//773 772//772 748//748
f 750//750 774//774 773//773 749//749
f 751//751 775//775 774//774 750//750
f 752//752 776//776 775//775 751//751
f 753//753 777//777 776//776 752//752
f 754//754 778//778 777//777 753//753
f 755//755 779//779 778//778 754//754
f 756//756 780//780 779//779 755//755
f 757//757 781//781 780//780 756//756
f 758//758 782//782 781//781 757//757
f 759//759 783//783 782//782 758//758
f 760//760 784//784 783//783 759//759
f 761//761 785//785 784//784 760//760
f 762//762 786//786 785//785 761//761
f 763//763 787//787 786//786 762//762
f 764//764 788//788 787//787 763//763
f 765//765 789//789 788//788 764//764
f 766//766 790//790 789//789 765//765
f 767//767 791//791 790//790 766//766
f 768//768 792//792 791//791 767//767
f 745//745 769//769 792//792 768//768
f 770//770 794//794 793//793 769//769
f 771//771 795//795 794//794 770//770
f 772//772 796//796 795//795 771//771
f 773//773 797//797 796//796 772//772
f 774//774 798//798 797//797 773//773
f 775//775 799//799 798//798 774//774
f 776//776 800//800 799//799 775//775
f 777//777 801//801 800//800 776//776
f 778//778 802//802 801//801 777//777
f 779//779 803//803 802//802 778//778
f 780//780 804//804 803//803 779//779
f 781//781 805//805 804//804 780//780
f 782//782 806//806 805//805 781//781
f 783//783 807//807 806//806 782//782
f 784//784 808//808 807//807 783//783
f 785//785 809//809 808//808 784//784
f 786//786 810//810 809//809 785//785
f 787//787 811//811 810//810 786//786
f 788//788 812//812 811//811 787//787
f 789//789 813//813 812//812 788//788
f 790//790 814//814 813//813 789//789
f 791//791 815//815 814//814 790//790
f 792//792 816//816 815//815 791//791
f 769//769 793//793 816//816 792//792
f 794//794 818//818 817//817 793//793
f 795//795 819//819 818//818 794//794
f 796//796 820//820 819//819 795//795
f 797//797 821//821 820//820 796//796
f 798//798 822//822 821//821 797//797
f 799//799 823//823 822//822 798//798
f 800//800 824//824 823//823 799//799
f 801//801 825//825 824//824 800//800
f 802//802 826//826 825//825 801//801
f 803//803 827//827 826//826 802//802
f 804//804 828//828 827//827 803//803
f 805//805 829//829 828//828 804//804
f 806//806 830//830 829//829 805//805
f 807//807 831//831 830//830 806//806
f 808//808 832//832 831//831 807//807
f 809//809 833//833 832//832 808//808
f 810//810 834//834 833//833 809//809
f 811//811 835//835 834//834 810//810
f 812//812 836//836 835//835 811//811
f 813//813 837//837 836//836 812//812
f 814//814 838//838 837//837 813//813
f 815//815 839//839 838//838 814//814
f 816//816 840//840 839//839 815//815
f 793//793 817//817 840//840 816//816
f 818//818 842//842 841//841 817//817
f 819//819 843//843 842//842 818//818
f 820//820 844//844 843//843 819//819
f 821//821 845//845 844//844 820//820
f 822//822 846//846 845//845 821//821
f 823//823 847//847 846//846 822//822
f 824//824 848//848 847//847 823//823
f 825//825 849//849 848//848 824//824
f 826//826 850//850 849//849 825//825
f 827//827 851//851 850//850 826//826
f 828//828 852//852 851//851 827//827
f 829//829 853//853 852//852 828//828
f 830//830 854//854 853//853 829//829
f 831//831 855//855 854//854 830//830
f 832//832 856//856 855//855 831//831
f 833//833 857//857 856//856 832//832
f 834//834 858//858 857//857 833//833
f 835//835 859//859 858//858 834//834
f 836//836 860//860 859//859 835//835
f 837//837 861//861 860//860 836//836
f 838//838 862//862 861//861 837//837
f 839//839 863//863 862//862 838//838
f 840//840 864//864 863//863 839//839
f 817//817 841//841 864//864 840//840
f 842//842 866//866 865//865 841//841
f 843//843 867//867 866//866 842//842
f 844//844 868//868 867//867 843//843
f 845//845 869//869 868//868 844//844
f 846//846 870//870 869//869 845//845
f 847//847 871//871 870//870 846//846
f 848//848 872//872 871//871 847//847
f 849//849 873//873 872//872 848//848
f 850//850 874//874 873//873 849//849
f 851//851 875//875 874//874 850//850
f 852//852 876//876 875//875 851//851
f 853//853 877//877 876//876 852//852
f 854//854 878//878 877//877 853//853
f 855//855 879//879 878//878 854//854
f 856//856 880//880 879//879 855//855
f 857//857 881//881 880//880 856//856
f 858//858 882//882 881//881 857//857
f 859//859 883//883 882//882 858//858
f 860//860 884//884 883//883 859//859
f 861//861 885//885 884//884 860//860
f 862//862 886//886 885//885 861//861
f 863//863 887//887 886//886 862//862
f 864//864 888//888 887//887 863//863
f 841//841 865//865 888//888 864//864
f 866//866 890//890 889//889 865//865
f 867//867 891//891 890//890 866//866
f 868//868 892//892 891//891 867//867
f 869//869 893//893 892//892 868//868
f 870//870 894//894 893//893 869//869
f 871//871 895//895 894//894 870//870
f 872//872 896//896 895//895 871//871
f 873//873 897//897 896//896 872//872
f 874//874 898//898 897//897 873//873
f 875//875 899//899 898//898 874//874
f 876//876 900//900 899//899 875//875
f 877//877 901//901 900//900 876//876
f 878//878 902//902 901//901 877//877
f 879//879 903//903 902//902 878//878
f 880//880 904//904 903//903 879//879
f 881//881 905//905 904//904 880//880
f 882//882 906//906 905//905 881//881
f 883//883 907//907 906//906 882//882
f 884//884 908//908 907//907 883//883
f 885//885 909//909 908//908 884//884
f 886//886 910//910 909//909 885//885
f 887//887 911//911 910//910 886//886
f 888//888 912//912 911//911 887//887
f 865//865 889//889 912//912 888//888
f 890//890 914//914 913//913 889//889
f 891//891 915//915 914//914 890//890
f 892//892 916//916 915//915 891//891
f 893//893 917//917 916//916 892//892
f 894//894 918//918 917//917 893//893
f 895//895 919//919 918//918 894//894
f 896//896 920//920 919//919 895//895
f 897//897 921//921 920//920 896//896
f 898//898 922//922 921//921 897//897
f 899//899 923//923 922//922 898//898
f 900//900 924//924 923//923 899//899
f 901//901 925//925 924//924 900//900
f 902//902 926//926 925//925 901//901
f 903//903 927//927 926//926 902//902
f 904//904 928//928 927//927 903//903
f 905//905 929//929 928//928 904//904
f 906//906 930//930 929//929 905//905
f 907//907 931//931 930//930 906//906
f 908//908 932//932 931//931 907//907
f 909//909 933//933 932//932 908//908
f 910//910 934//934 933//933 909//909
f 911//911 935//935 934//934 910//910
f 912//912 936//936 935//935 911//911
f 889//889 913//913 936//936 912//912
f 914//914 938//938 937//937 913//913
f 915//915 939//939 938//938 914//914
f 916//916 940//940 939//939 915//915
f 917//917 941//941 940//940 916//916
f 918//918 942//942 941//941 917//917
f 919//919 943//943 942//942 918//918
f 920//920 944//944 943//943 919//919
f 921//921 945//945 944//944 920//920
f 922//922 946//946 945//945 921//921
f 923//923 947//947 946//946 922//922
f 924//924 948//948 947//947 923//923
f 925//925 949//949 948//948 924//924
f 926//926 950//950 949//949 925//925
f 927//927 951//951 950//950 926//926
f 928//928 952//952 951//951 927//927
f 929//929 953//953 952//952 928//928
f 930//930 954//954 953//953 929//929
f 931//931 955//955 954//954 930//930
f 932//932 956//956 955//955 931//931
f 933//933 957//957 956//956 932//932
f 934//934 958//958 957//957 933//933
f 935//935 959//959 958//958 934//934
f 936//936 960//960 959//959 935//935
f 913//913 937//937 960//960 936//936
f 938//938 962//962 961//961 937//937
f 939//939 963//963 962//962 938//938
f 940//940 964//964 963//963 939//939
f 941//941 965//965 964//964 940//940
f 942//942 966//966 965//965 941//941
f 943//943 967//967 966//966 942//942
f 944//944 968//968 967//967 943//943
f 945//945 969//969 968//968 944//944
f 946//946 970//970 969//969 945//945
f 947//947 971//971 970//970 946//946
f 948//948 972//972 971//971 947//947
f 949//949 973//973 972//972 948//948
f 950//950 974//974 973//973 949//949
f 951//951 975//975 974//974 950//950
f 952//952 976//976 975//975 951//951
f 953//953 977//977 976//976 952//952
f 954//954 978//978 977//977 953//953
f 955//955 979//979 978//978 954//954
f 956//956 980//980 979//979 955//955
f 957//957 981//981 980//980 956//956
f 958//958 982//982 981//981 957//957
f 959//959 983//983 982//982 958//958
f 960//960 984//984 983//983 959//959
f 937//937 961//961 984//984 960//960
f 962//962 986//986 985//985 961//961
f 963//963 987//987 986//986 962//962
f 964//964 988//988 987//987 963//963
f 965//965 989//989 988//988 964//964
f 966//966 990//990 989//989 965//965
f 967//967 991//991 990//990 966//966
f 968//968 992//992 991//991 967//967
f 969//969 993//993 992//992 968//968
f 970//970 994//994 993//993 969//969
f 971//971 995//995 994//994 970//970
f 972//972 996//996 995//995 971//971
f 973//973 997//997 996//996 972//972
f 974//974 998//998 997//997 973//973
f 975//975 999//999 998//998 974//974
f 976//976 1000//1000 999//999 975//975
f 977//977 1001//1001 1000//1000 976//976
f 978//978 1002//1002 1001//1001 977//977
f 979//979 1003//1003 1002//1002 978//978
f 980//980 1004//1004 1003//1003 979//979
f 981//981 1005//1005 1004//1004 980//980
f 982//982 1006//1006 1005//1005 981//981
f 983//983 1007//1007 1006//1006 982//982
f 984//984 1008//1008 1007//1007 983//983
f 961//961 985//985 1008//1008 984//984
f 986//986 1010//1010 1009//1009 985//985
f 987//987 1011//1011 1010//1010 986//986
f 988//988 1012//1012 1011//1011 987//987
f 989//989 1013//1013 1012//1012 988//988
f 990//990 1014//1014 1013//1013 989//989
f 991//991 1015//1015 1014//1014 990//990
f 992//992 1016//1016 1015//1015 991//991
f 993//993 1017//1017 1016//1016 992//992
f 994//994 1018//1018 1017//1017 993//993
f 995//995 1019//1019 1018//1018 994//994
f 996//996 1020//1020 1019//1019 995//995
f 997//997 1021//1021 1020//1020 996//996
f 998//998 1022//1022 1021//1021 997//997
f 999//999 1023//1023 1022//1022 998//998
f 1000//1000 1024//1024 1023//1023 999//999
f 1001//1001 1025//1025 1024//1024 1000//1000
f 1002//1002 1026//1026 1025//1025 1001//1001
f 1003//1003 1027//1027 1026//1026 1002//1002
f 1004//1004 1028//1028 1027//1027 1003//1003
f 1005//1005 1029//1029 1028//1028 1004//1004
f 1006//1006 1030//1030 1029//1029 1005//1005
f 1007//1007 1031//1031 1030//1030 1006//1006
f 1008//1008 1032//1032 1031//1031 1007//1007
f 985//985 1009//1009 1032//1032 1008//1008
f 1010//1010 1034//1034 1033//1033 1009//1009
f 1011//1011 1035//1035 1034//1034 1010//1010
f 1012//1012 1036//1036 1035//1035 1011//1011
f 1013//1013 1037//1037 1036//1036 1012//1012
f 1014//1014 1038//1038 1037//1037 1013//1013
f 1015//1015 1039//1039 1038//1038 1014//1014
f 1016//1016 1040//1040 1039//1039 1015//1015
f 1017//1017 1041//1041 1040//1040 1016//1016
f 1018//1018 1042//1042 1041//1041 1017//1017
f 1019//1019 1043//1043 1042//1042 1018//1018
f 1020//1020 1044//1044 1043//1043 1019//1019
f 1021//1021 1045//1045 1044//1044 1020//1020
f 1022//1022 1046//1046 1045//1045 1021//1021
f 1023//1023 1047//1047 1046//1046 1022//1022
f 1024//1024 1048//1048 1047//1047 1023//1023
f 1025//1025 1049//1049 1048//1048 1024//1024
f 1026//1026 1050//1050 1049//1049 1025//1025
f 1027//1027 1051//1051 1050//1050 1026//1026
f 1028//1028 1052//1052 1051//1051 1027//1027
f 1029//1029 1053//1053 1052//1052 1028//1028
f 1030//1030 1054//1054 1053//1053 1029//1029
f 1031//1031 1055//1055 1054//1054 1030//1030
f 1032//1032 1056//1056 1055//1055 1031//1031
f 1009//1009 1033//1033 1056//1056 1032//1032
f 1034//1034 1058//1058 1057//1057 1033//1033
f 1035//1035 1059//1059 1058//1058 1034//1034
f 1036//1036 1060//1060 1059//1059 1035//1035
f 1037//1037 1061//1061 1060//1060 1036//1036
f 1038//1038 1062//1062 1061//1061 1037//1037
f 1039//1039 1063//1063 1062//1062 1038//1038
f 1040//1040 1064//1064 1063//1063 1039//1039
f 1041//1041 1065//1065 1064//1064 1040//1040
f 1042//1042 1066//1066 1065//1065 1041//1041
f 1043//1043 1067//1067 1066//1066 1042//1042
f 1044//1044 1068//1068 1067//1067 1043//1043
f 1045//1045 1069//1069 1068//1068 1044//1044
f 1046//1046 1070//1070 1069//1069 1045//1045
f 1047//1047 1071//1071 1070//1070 1046//1046
f 1048//1048 1072//1072 1071//1071 1047//1047
f 1049//1049 1073//1073 1072//1072 1048//1048
f 1050//1050 1074//1074 1073//1073 1049//1049
f 1051//1051 1075//1075 1074//1074 1050//1050
f 1052//1052 1076//1076 1075//1075 1051//1051
f 1053//1053 1077//1077 1076//1076 1052//1052
f 1054//1054 1078//1078 1077//1077 1053//1053
f 1055//1055 1079//1079 1078//1078 1054//1054
f 1056//1056 1080//1080 1079//1079 1055//1055
f 1033//1033 1057//1057 1080//1080 1056//1056
f 1058//1058 1082//1082 1081//1081 1057//1057
f 1059//1059 1083//1083 1082//1082 1058//1058
f 1060//1060 1084//1084 1083//1083 1059//1059
f 1061//1061 1085//1085 1084//1084 1060//1060
f 1062//1062 1086//1086 1085//1085 1061//1061
f 1063//1063 1087//1087 1086//1086 1062//1062
f 1064//1064 1088//1088 1087//1087 1063//1063
f 1065//1065 1089//1089 1088//1088 1064//1064
f 1066//1066 1090//1090 1089//1089 1065//1065
f 1067//1067 1091//1091 1090//1090 1066//1066
f 1068//1068 1092//1092 1091//1091 1067//1067
f 1069//1069 1093//1093 1092//1092 1068//1068
f 1070//1070 1094//1094 1093//1093 1069//1069
f 1071//1071 1095//1095 1094//1094 1070//1070
f 1072//1072 1096//1096 1095//1095 1071//1071
f 1073//1073 1097//1097 1096//1096 1072//1072
f 1074//1074 1098//1098 1097//1097 1073//1073
f 1075//1075 1099//1099 1098//1098 1074//1074
f 1076//1076 1100//1100 1099//1099 1075//1075
f 1077//1077 1101//1101 1100//1100 1076//1076
f 1078//1078 1102//1102 1101//1101 1077//1077
f 1079//1079 1103//1103 1102//1102 1078//1078
f 1080//1080 1104//1104 1103//1103 1079//1079
f 1057//1057 1081//1081 1104//1104 1080//1080
f 1082//1082 1106//1106 1105//1105 1081//1081
f 1083//1083 1107//1107 1106//1106 1082//1082
f 1084//1084 1108//1108 1107//1107 1083//1083
f 1085//1085 1109//1109 1108//1108 1084//1084
f 1086//1086 1110//1110 1109//1109 1085//1085
f 1087//1087 1111//1111 1110//1110 1086//1086
f 1088//1088 1112//1112 1111//1111 1087//1087
f 1089//1089 1113//1113 1112//1112 1088//1088
f 1090//1090 1114//1114 1113//1113 1089//1089
f 1091//1091 1115//1115 1114//1114 1090//1090
f 1092//1092 1116//1116 1115//1115 1091//1091
f 1093//1093 1117//1117 1116//1116 1092//1092
f 1094//1094 1118//1118 1117//1117 1093//1093
f 1095//1095 1119//1119 1118//1118 1094//1094
f 1096//1096 1120//1120 1119//1119 1095//1095
f 1097//1097 1121//1121 1120//1120 1096//1096
f 1098//1098 1122//1122 1121//1121 1097//1097
f 1099//1099 1123//1123 1122//1122 1098//1098
f 1100//1100 1124//1124 1123//1123 1099//1099
f 1101//1101 1125//1125 1124//1124 1100//1100
f 1102//1102 1126//1126 1125//1125 1101//1101
f 1103//1103 1127//1127 1126//1126 1102//1102
f 1104//1104 1128//1128 1127//1127 1103//1103
f 1081//1081 1105//1105 1128//1128 1104//1104
f 1106//1106 1130//1130 1129//1129 1105//1105
f 1107//1107 1131//1131 1130//1130 1106//1106
f 1108//1108 1132//1132 1131//1131 1107//1107
f 1109//1109 1133//1133 1132//1132 1108//1108
f 1110//1110 1134//1134 1133//1133 1109//1109
f 1111//1111 1135//1135 1134//1134 1110//1110
f 1112//1112 1136//1136 1135//1135 1111//1111
f 1113//1113 1137//1137 1136//1136 1112//1112
f 1114//1114 1138//1138 1137//1137 1113//1113
f 1115//1115 1139//1139 1138//1138 1114//1114
f 1116//1116 1140//1140 1139//1139 1115//1115
f 1117//1117 1141//1141 1140//1140 1116//1116
f 1118//1118 1142//1142 1141//1141 1117//1117
f 1119//1119 1143//1143 1142//1142 1118//1118
f 1120//1120 1144//1144 1143//1143 1119//1119
f 1121//1121 1145//1145 1144//1144 1120//1120
f 1122//1122 1146//1146 1145//1145 1121//1121
f 1123//1123 1147//1147 1146//1146 1122//1122
f 1124//1124 1148//1148 1147//1147 1123//1123
f 1125//1125 1149//1149 1148//1148 1124//1124
f 1126//1126 1150//1150 1149//1149 1125//1125
f 1127//1127 1151//1151 1150//1150 1126//1126
f 1128//1128 1152//1152 1151//1151 1127//1127
f 1105//1105 1129//1129 1152//1152 1128//1128
f 1130//1130 2//2 1//1 1129//1129
f 1131//1131 3//3 2//2 1130//1130
f 1132//1132 4//4 3//3 1131//1131
f 1133//1133 5//5 4//4 1132//1132
f 1134//1134 6//6 5//5 1133//1133
f 1135//1135 7//7 6//6 1134//1134
f 1136//1136 8//8 7//7 1135//1135
f 1137//1137 9//9 8//8 1136//1136
f 1138//1138 10//10 9//9 1137//1137
f 1139//1139 11//11 10//10 1138//1138
f 1140//1140 12//12 11//11 1139//1139
f 1141//1141 13//13 12//12 1140//1140
f 1142//1142 14//14 13//13 1141//1141
f 1143//1143 15//15 14//14 1142//1142
f 1144//1144 16//16 15//15 1143//1143
f 1145//1145 17//17 16//16 1144//1144
f 1146//1146 18//18 17//17 1145//1145
f 1147//1147 19//19 18//18 1146//1146
f 1148//1148 20//20 19//19 1147//1147
f 1149//1149 21//21 20//20 1148//1148
f 1150//1150 22//22 21//21 1149//1149
f 1151//1151 23//23 22//22 1150//1150
f 1152//1152 24//24 23//23 1151//1151
f 1129//1129 1//1 24//24 1152//1152
